DATE,DATE,T5YIFR,InflationDiff
2019-12-05,2019-12-05,1.79,
2019-12-06,2019-12-06,1.79,0.0
2019-12-09,2019-12-09,1.79,0.0
2019-12-10,2019-12-10,1.83,0.04
2019-12-11,2019-12-11,1.78,-0.05
2019-12-12,2019-12-12,1.82,0.04
2019-12-13,2019-12-13,1.78,-0.04
2019-12-16,2019-12-16,1.82,0.04
2019-12-17,2019-12-17,1.85,0.03
2019-12-18,2019-12-18,1.84,-0.01
2019-12-19,2019-12-19,1.86,0.02
2019-12-20,2019-12-20,1.87,0.01
2019-12-23,2019-12-23,1.83,-0.04
2019-12-24,2019-12-24,1.83,0.0
2019-12-25,2019-12-25,1.83,0.0
2019-12-26,2019-12-26,1.82,-0.01
2019-12-27,2019-12-27,1.82,0.0
2019-12-30,2019-12-30,1.84,0.02
2019-12-31,2019-12-31,1.86,0.02
2020-01-01,2020-01-01,1.87,0.01
2020-01-02,2020-01-02,1.88,0.0099999999999997
2020-01-03,2020-01-03,1.85,-0.0299999999999998
2020-01-06,2020-01-06,1.81,-0.04
2020-01-07,2020-01-07,1.81,0.0
2020-01-08,2020-01-08,1.82,0.01
2020-01-09,2020-01-09,1.81,-0.01
2020-01-10,2020-01-10,1.85,0.04
2020-01-13,2020-01-13,1.84,-0.01
2020-01-14,2020-01-14,1.84,0.0
2020-01-15,2020-01-15,1.83,-0.01
2020-01-16,2020-01-16,1.8,-0.03
2020-01-17,2020-01-17,1.82,0.02
2020-01-20,2020-01-20,1.82,0.0
2020-01-21,2020-01-21,1.82,0.0
2020-01-22,2020-01-22,1.8,-0.02
2020-01-23,2020-01-23,1.76,-0.04
2020-01-24,2020-01-24,1.74,-0.02
2020-01-27,2020-01-27,1.7,-0.04
2020-01-28,2020-01-28,1.71,0.01
2020-01-29,2020-01-29,1.7,-0.01
2020-01-30,2020-01-30,1.69,-0.01
2020-01-31,2020-01-31,1.7,0.01
2020-02-03,2020-02-03,1.7,0.0
2020-02-04,2020-02-04,1.7,0.0
2020-02-05,2020-02-05,1.71,0.01
2020-02-06,2020-02-06,1.73,0.02
2020-02-07,2020-02-07,1.71,-0.02
2020-02-10,2020-02-10,1.7,-0.01
2020-02-11,2020-02-11,1.7,0.0
2020-02-12,2020-02-12,1.68,-0.02
2020-02-13,2020-02-13,1.69,0.01
2020-02-14,2020-02-14,1.68,-0.01
2020-02-17,2020-02-17,1.67,-0.01
2020-02-18,2020-02-18,1.66,-0.01
2020-02-19,2020-02-19,1.65,-0.01
2020-02-20,2020-02-20,1.63,-0.02
2020-02-21,2020-02-21,1.62,-0.0099999999999997
2020-02-24,2020-02-24,1.61,-0.01
2020-02-25,2020-02-25,1.54,-0.07
2020-02-26,2020-02-26,1.58,0.04
2020-02-27,2020-02-27,1.58,0.0
2020-02-28,2020-02-28,1.49,-0.09
2020-03-02,2020-03-02,1.5,0.01
2020-03-03,2020-03-03,1.56,0.06
2020-03-04,2020-03-04,1.58,0.02
2020-03-05,2020-03-05,1.52,-0.06
2020-03-06,2020-03-06,1.48,-0.04
2020-03-09,2020-03-09,1.18,-0.3
2020-03-10,2020-03-10,1.23,0.05
2020-03-11,2020-03-11,1.23,0.0
2020-03-12,2020-03-12,1.21,-0.02
2020-03-13,2020-03-13,1.27,0.06
2020-03-16,2020-03-16,1.16,-0.1100000000000001
2020-03-17,2020-03-17,1.1,-0.0599999999999998
2020-03-18,2020-03-18,1.1,0.0
2020-03-19,2020-03-19,0.86,-0.2400000000000001
2020-03-20,2020-03-20,1.19,0.3299999999999999
2020-03-23,2020-03-23,1.23,0.04
2020-03-24,2020-03-24,1.39,0.1599999999999999
2020-03-25,2020-03-25,1.45,0.06
2020-03-26,2020-03-26,1.42,-0.03
2020-03-27,2020-03-27,1.34,-0.0799999999999998
2020-03-30,2020-03-30,1.33,-0.01
2020-03-31,2020-03-31,1.25,-0.08
2020-04-01,2020-04-01,1.26,0.01
2020-04-02,2020-04-02,1.33,0.07
2020-04-03,2020-04-03,1.38,0.0499999999999998
2020-04-06,2020-04-06,1.43,0.05
2020-04-07,2020-04-07,1.48,0.05
2020-04-08,2020-04-08,1.51,0.03
2020-04-09,2020-04-09,1.56,0.05
2020-04-10,2020-04-10,1.57,0.01
2020-04-13,2020-04-13,1.58,0.01
2020-04-14,2020-04-14,1.64,0.0599999999999998
2020-04-15,2020-04-15,1.51,-0.1299999999999999
2020-04-16,2020-04-16,1.36,-0.1499999999999999
2020-04-17,2020-04-17,1.35,-0.01
2020-04-20,2020-04-20,1.32,-0.03
2020-04-21,2020-04-21,1.34,0.02
2020-04-22,2020-04-22,1.43,0.0899999999999998
2020-04-23,2020-04-23,1.43,0.0
2020-04-24,2020-04-24,1.5,0.07
2020-04-27,2020-04-27,1.56,0.06
2020-04-28,2020-04-28,1.52,-0.04
2020-04-29,2020-04-29,1.5,-0.02
2020-04-30,2020-04-30,1.42,-0.08
2020-05-01,2020-05-01,1.44,0.02
2020-05-04,2020-05-04,1.45,0.01
2020-05-05,2020-05-05,1.49,0.04
2020-05-06,2020-05-06,1.49,0.0
2020-05-07,2020-05-07,1.46,-0.03
2020-05-08,2020-05-08,1.5,0.04
2020-05-11,2020-05-11,1.51,0.01
2020-05-12,2020-05-12,1.46,-0.05
2020-05-13,2020-05-13,1.43,-0.03
2020-05-14,2020-05-14,1.41,-0.02
2020-05-15,2020-05-15,1.43,0.02
2020-05-18,2020-05-18,1.5,0.07
2020-05-19,2020-05-19,1.48,-0.02
2020-05-20,2020-05-20,1.49,0.01
2020-05-21,2020-05-21,1.47,-0.02
2020-05-22,2020-05-22,1.44,-0.03
2020-05-25,2020-05-25,1.44,0.0
2020-05-26,2020-05-26,1.44,0.0
2020-05-27,2020-05-27,1.46,0.02
2020-05-28,2020-05-28,1.5,0.04
2020-05-29,2020-05-29,1.47,-0.03
2020-06-01,2020-06-01,1.52,0.05
2020-06-02,2020-06-02,1.52,0.0
2020-06-03,2020-06-03,1.54,0.02
2020-06-04,2020-06-04,1.56,0.02
2020-06-05,2020-06-05,1.59,0.03
2020-06-08,2020-06-08,1.58,-0.01
2020-06-09,2020-06-09,1.54,-0.04
2020-06-10,2020-06-10,1.54,0.0
2020-06-11,2020-06-11,1.47,-0.07
2020-06-12,2020-06-12,1.47,0.0
2020-06-15,2020-06-15,1.48,0.01
2020-06-16,2020-06-16,1.52,0.04
2020-06-17,2020-06-17,1.51,-0.01
2020-06-18,2020-06-18,1.44,-0.07
2020-06-19,2020-06-19,1.54,0.1
2020-06-22,2020-06-22,1.57,0.03
2020-06-23,2020-06-23,1.62,0.05
2020-06-24,2020-06-24,1.56,-0.06
2020-06-25,2020-06-25,1.55,-0.01
2020-06-26,2020-06-26,1.53,-0.02
2020-06-29,2020-06-29,1.54,0.01
2020-06-30,2020-06-30,1.52,-0.02
2020-07-01,2020-07-01,1.57,0.05
2020-07-02,2020-07-02,1.61,0.04
2020-07-03,2020-07-03,1.62,0.01
2020-07-06,2020-07-06,1.62,0.0
2020-07-07,2020-07-07,1.6,-0.02
2020-07-08,2020-07-08,1.59,-0.01
2020-07-09,2020-07-09,1.56,-0.03
2020-07-10,2020-07-10,1.57,0.01
2020-07-13,2020-07-13,1.57,0.0
2020-07-14,2020-07-14,1.55,-0.02
2020-07-15,2020-07-15,1.54,-0.01
2020-07-16,2020-07-16,1.52,-0.02
2020-07-17,2020-07-17,1.57,0.05
2020-07-20,2020-07-20,1.55,-0.02
2020-07-21,2020-07-21,1.56,0.01
2020-07-22,2020-07-22,1.56,0.0
2020-07-23,2020-07-23,1.61,0.05
2020-07-24,2020-07-24,1.67,0.0599999999999998
2020-07-27,2020-07-27,1.66,-0.01
2020-07-28,2020-07-28,1.66,0.0
2020-07-29,2020-07-29,1.68,0.02
2020-07-30,2020-07-30,1.67,-0.01
2020-07-31,2020-07-31,1.7,0.03
2020-08-03,2020-08-03,1.7,0.0
2020-08-04,2020-08-04,1.69,-0.01
2020-08-05,2020-08-05,1.7,0.01
2020-08-06,2020-08-06,1.73,0.03
2020-08-07,2020-08-07,1.72,-0.01
2020-08-10,2020-08-10,1.73,0.01
2020-08-11,2020-08-11,1.76,0.03
2020-08-12,2020-08-12,1.78,0.02
2020-08-13,2020-08-13,1.78,0.0
2020-08-14,2020-08-14,1.77,-0.01
2020-08-17,2020-08-17,1.78,0.01
2020-08-18,2020-08-18,1.81,0.03
2020-08-19,2020-08-19,1.79,-0.02
2020-08-20,2020-08-20,1.76,-0.03
2020-08-21,2020-08-21,1.76,0.0
2020-08-24,2020-08-24,1.77,0.01
2020-08-25,2020-08-25,1.8,0.03
2020-08-26,2020-08-26,1.81,0.01
2020-08-27,2020-08-27,1.81,0.0
2020-08-28,2020-08-28,1.86,0.05
2020-08-31,2020-08-31,1.91,0.0499999999999998
2020-09-01,2020-09-01,1.87,-0.0399999999999998
2020-09-02,2020-09-02,1.85,-0.02
2020-09-03,2020-09-03,1.77,-0.08
2020-09-04,2020-09-04,1.83,0.06
2020-09-07,2020-09-07,1.82,-0.01
2020-09-08,2020-09-08,1.81,-0.01
2020-09-09,2020-09-09,1.85,0.04
2020-09-10,2020-09-10,1.84,-0.01
2020-09-11,2020-09-11,1.77,-0.07
2020-09-14,2020-09-14,1.76,-0.01
2020-09-15,2020-09-15,1.8,0.04
2020-09-16,2020-09-16,1.79,-0.01
2020-09-17,2020-09-17,1.75,-0.04
2020-09-18,2020-09-18,1.76,0.01
2020-09-21,2020-09-21,1.74,-0.02
2020-09-22,2020-09-22,1.74,0.0
2020-09-23,2020-09-23,1.72,-0.02
2020-09-24,2020-09-24,1.71,-0.01
2020-09-25,2020-09-25,1.73,0.02
2020-09-28,2020-09-28,1.74,0.01
2020-09-29,2020-09-29,1.79,0.05
2020-09-30,2020-09-30,1.76,-0.03
2020-10-01,2020-10-01,1.78,0.02
2020-10-02,2020-10-02,1.8,0.02
2020-10-05,2020-10-05,1.84,0.04
2020-10-06,2020-10-06,1.81,-0.03
2020-10-07,2020-10-07,1.88,0.0699999999999998
2020-10-08,2020-10-08,1.88,0.0
2020-10-09,2020-10-09,1.9,0.02
2020-10-12,2020-10-12,1.89,-0.01
2020-10-13,2020-10-13,1.88,-0.01
2020-10-14,2020-10-14,1.86,-0.0199999999999997
2020-10-15,2020-10-15,1.86,0.0
2020-10-16,2020-10-16,1.89,0.0299999999999998
2020-10-19,2020-10-19,1.89,0.0
2020-10-20,2020-10-20,1.91,0.02
2020-10-21,2020-10-21,1.92,0.01
2020-10-22,2020-10-22,1.84,-0.0799999999999998
2020-10-23,2020-10-23,1.84,0.0
2020-10-26,2020-10-26,1.81,-0.03
2020-10-27,2020-10-27,1.78,-0.03
2020-10-28,2020-10-28,1.79,0.01
2020-10-29,2020-10-29,1.81,0.02
2020-10-30,2020-10-30,1.81,0.0
2020-11-02,2020-11-02,1.82,0.01
2020-11-03,2020-11-03,1.82,0.0
2020-11-04,2020-11-04,1.72,-0.1
2020-11-05,2020-11-05,1.77,0.05
2020-11-06,2020-11-06,1.76,-0.01
2020-11-09,2020-11-09,1.83,0.07
2020-11-10,2020-11-10,1.83,0.0
2020-11-11,2020-11-11,1.81,-0.02
2020-11-12,2020-11-12,1.79,-0.02
2020-11-13,2020-11-13,1.8,0.01
2020-11-16,2020-11-16,1.8,0.0
2020-11-17,2020-11-17,1.77,-0.03
2020-11-18,2020-11-18,1.77,0.0
2020-11-19,2020-11-19,1.78,0.01
2020-11-20,2020-11-20,1.77,-0.01
2020-11-23,2020-11-23,1.8,0.03
2020-11-24,2020-11-24,1.83,0.03
2020-11-25,2020-11-25,1.83,0.0
2020-11-26,2020-11-26,1.83,0.0
2020-11-27,2020-11-27,1.83,0.0
2020-11-30,2020-11-30,1.86,0.03
2020-12-01,2020-12-01,1.9,0.0399999999999998
2020-12-02,2020-12-02,1.94,0.04
2020-12-03,2020-12-03,1.94,0.0
2020-12-04,2020-12-04,1.95,0.01
2020-12-07,2020-12-07,1.92,-0.03
2020-12-08,2020-12-08,1.94,0.02
2020-12-09,2020-12-09,1.98,0.04
2020-12-10,2020-12-10,1.93,-0.05
2020-12-11,2020-12-11,1.92,-0.01
2020-12-14,2020-12-14,1.92,0.0
2020-12-15,2020-12-15,1.96,0.04
2020-12-16,2020-12-16,1.94,-0.02
2020-12-17,2020-12-17,1.98,0.04
2020-12-18,2020-12-18,1.98,0.0
2020-12-21,2020-12-21,2.0,0.02
2020-12-22,2020-12-22,1.96,-0.04
2020-12-23,2020-12-23,2.01,0.0499999999999998
2020-12-24,2020-12-24,2.02,0.0100000000000002
2020-12-25,2020-12-25,2.02,0.0
2020-12-28,2020-12-28,2.02,0.0
2020-12-29,2020-12-29,2.02,0.0
2020-12-30,2020-12-30,2.0,-0.02
2020-12-31,2020-12-31,2.03,0.0299999999999998
2021-01-01,2021-01-01,2.04,0.0100000000000002
2021-01-04,2021-01-04,2.04,0.0
2021-01-05,2021-01-05,2.05,0.0099999999999997
2021-01-06,2021-01-06,2.08,0.0300000000000002
2021-01-07,2021-01-07,2.09,0.0099999999999997
2021-01-08,2021-01-08,2.05,-0.04
2021-01-11,2021-01-11,2.08,0.0300000000000002
2021-01-12,2021-01-12,2.1,0.02
2021-01-13,2021-01-13,2.08,-0.02
2021-01-14,2021-01-14,2.09,0.0099999999999997
2021-01-15,2021-01-15,2.11,0.02
2021-01-18,2021-01-18,2.09,-0.02
2021-01-19,2021-01-19,2.08,-0.0099999999999997
2021-01-20,2021-01-20,2.09,0.0099999999999997
2021-01-21,2021-01-21,2.02,-0.0699999999999998
2021-01-22,2021-01-22,2.02,0.0
2021-01-25,2021-01-25,2.01,-0.0100000000000002
2021-01-26,2021-01-26,2.01,0.0
2021-01-27,2021-01-27,2.01,0.0
2021-01-28,2021-01-28,2.08,0.0700000000000002
2021-01-29,2021-01-29,2.05,-0.0300000000000002
2021-02-01,2021-02-01,2.04,-0.0099999999999997
2021-02-02,2021-02-02,2.07,0.0299999999999998
2021-02-03,2021-02-03,2.11,0.04
2021-02-04,2021-02-04,2.09,-0.02
2021-02-05,2021-02-05,2.14,0.0500000000000002
2021-02-08,2021-02-08,2.13,-0.0100000000000002
2021-02-09,2021-02-09,2.13,0.0
2021-02-10,2021-02-10,2.11,-0.02
2021-02-11,2021-02-11,2.08,-0.0299999999999998
2021-02-12,2021-02-12,2.07,-0.0100000000000002
2021-02-15,2021-02-15,2.09,0.02
2021-02-16,2021-02-16,2.11,0.02
2021-02-17,2021-02-17,2.07,-0.04
2021-02-18,2021-02-18,2.03,-0.04
2021-02-19,2021-02-19,1.99,-0.0399999999999998
2021-02-22,2021-02-22,1.97,-0.02
2021-02-23,2021-02-23,1.97,0.0
2021-02-24,2021-02-24,1.96,-0.01
2021-02-25,2021-02-25,1.94,-0.02
2021-02-26,2021-02-26,1.91,-0.03
2021-03-01,2021-03-01,1.92,0.01
2021-03-02,2021-03-02,1.97,0.05
2021-03-03,2021-03-03,1.97,0.0
2021-03-04,2021-03-04,1.97,0.0
2021-03-05,2021-03-05,2.01,0.0399999999999998
2021-03-08,2021-03-08,2.0,-0.0099999999999997
2021-03-09,2021-03-09,2.01,0.0099999999999997
2021-03-10,2021-03-10,2.05,0.04
2021-03-11,2021-03-11,2.05,0.0
2021-03-12,2021-03-12,2.01,-0.04
2021-03-15,2021-03-15,2.0,-0.0099999999999997
2021-03-16,2021-03-16,2.01,0.0099999999999997
2021-03-17,2021-03-17,2.02,0.0100000000000002
2021-03-18,2021-03-18,2.04,0.02
2021-03-19,2021-03-19,2.11,0.0699999999999998
2021-03-22,2021-03-22,2.15,0.04
2021-03-23,2021-03-23,2.1,-0.0499999999999998
2021-03-24,2021-03-24,2.09,-0.0100000000000002
2021-03-25,2021-03-25,2.1,0.0100000000000002
2021-03-26,2021-03-26,2.11,0.0099999999999997
2021-03-29,2021-03-29,2.16,0.0500000000000002
2021-03-30,2021-03-30,2.18,0.02
2021-03-31,2021-03-31,2.2,0.02
2021-04-01,2021-04-01,2.15,-0.0500000000000002
2021-04-02,2021-04-02,2.14,-0.0099999999999997
2021-04-05,2021-04-05,2.15,0.0099999999999997
2021-04-06,2021-04-06,2.12,-0.0299999999999998
2021-04-07,2021-04-07,2.15,0.0299999999999998
2021-04-08,2021-04-08,2.11,-0.04
2021-04-09,2021-04-09,2.11,0.0
2021-04-12,2021-04-12,2.14,0.0300000000000002
2021-04-13,2021-04-13,2.12,-0.02
2021-04-14,2021-04-14,2.1,-0.02
2021-04-15,2021-04-15,2.11,0.0099999999999997
2021-04-16,2021-04-16,2.15,0.04
2021-04-19,2021-04-19,2.12,-0.0299999999999998
2021-04-20,2021-04-20,2.12,0.0
2021-04-21,2021-04-21,2.13,0.0099999999999997
2021-04-22,2021-04-22,2.24,0.1100000000000003
2021-04-23,2021-04-23,2.24,0.0
2021-04-26,2021-04-26,2.25,0.0099999999999997
2021-04-27,2021-04-27,2.27,0.02
2021-04-28,2021-04-28,2.28,0.0099999999999997
2021-04-29,2021-04-29,2.28,0.0
2021-04-30,2021-04-30,2.25,-0.0299999999999998
2021-05-03,2021-05-03,2.24,-0.0099999999999997
2021-05-04,2021-05-04,2.22,-0.02
2021-05-05,2021-05-05,2.26,0.0399999999999995
2021-05-06,2021-05-06,2.24,-0.0199999999999995
2021-05-07,2021-05-07,2.33,0.0899999999999998
2021-05-10,2021-05-10,2.37,0.04
2021-05-11,2021-05-11,2.38,0.0099999999999997
2021-05-12,2021-05-12,2.36,-0.02
2021-05-13,2021-05-13,2.37,0.0100000000000002
2021-05-14,2021-05-14,2.34,-0.0300000000000002
2021-05-17,2021-05-17,2.36,0.02
2021-05-18,2021-05-18,2.32,-0.04
2021-05-19,2021-05-19,2.3,-0.02
2021-05-20,2021-05-20,2.23,-0.0699999999999998
2021-05-21,2021-05-21,2.24,0.0100000000000002
2021-05-24,2021-05-24,2.24,0.0
2021-05-25,2021-05-25,2.21,-0.0300000000000002
2021-05-26,2021-05-26,2.2,-0.0099999999999997
2021-05-27,2021-05-27,2.25,0.0499999999999998
2021-05-28,2021-05-28,2.27,0.02
2021-05-31,2021-05-31,2.3,0.0299999999999998
2021-06-01,2021-06-01,2.32,0.02
2021-06-02,2021-06-02,2.29,-0.0299999999999998
2021-06-03,2021-06-03,2.28,-0.0100000000000002
2021-06-04,2021-06-04,2.26,-0.02
2021-06-07,2021-06-07,2.27,0.0100000000000002
2021-06-08,2021-06-08,2.25,-0.02
2021-06-09,2021-06-09,2.23,-0.02
2021-06-10,2021-06-10,2.23,0.0
2021-06-11,2021-06-11,2.21,-0.02
2021-06-14,2021-06-14,2.28,0.0699999999999998
2021-06-15,2021-06-15,2.3,0.02
2021-06-16,2021-06-16,2.23,-0.0699999999999998
2021-06-17,2021-06-17,2.23,0.0
2021-06-18,2021-06-18,2.11,-0.1200000000000001
2021-06-21,2021-06-21,2.09,-0.02
2021-06-22,2021-06-22,2.16,0.0700000000000002
2021-06-23,2021-06-23,2.19,0.0299999999999998
2021-06-24,2021-06-24,2.15,-0.04
2021-06-25,2021-06-25,2.22,0.0700000000000002
2021-06-28,2021-06-28,2.21,-0.0100000000000002
2021-06-29,2021-06-29,2.18,-0.0299999999999998
2021-06-30,2021-06-30,2.17,-0.0100000000000002
2021-07-01,2021-07-01,2.21,0.04
2021-07-02,2021-07-02,2.17,-0.04
2021-07-05,2021-07-05,2.16,-0.0099999999999997
2021-07-06,2021-07-06,2.14,-0.02
2021-07-07,2021-07-07,2.13,-0.0100000000000002
2021-07-08,2021-07-08,2.06,-0.0699999999999998
2021-07-09,2021-07-09,2.12,0.06
2021-07-12,2021-07-12,2.18,0.06
2021-07-13,2021-07-13,2.16,-0.02
2021-07-14,2021-07-14,2.15,-0.0100000000000002
2021-07-15,2021-07-15,2.11,-0.04
2021-07-16,2021-07-16,2.14,0.0300000000000002
2021-07-19,2021-07-19,2.07,-0.0700000000000002
2021-07-20,2021-07-20,2.12,0.0500000000000002
2021-07-21,2021-07-21,2.11,-0.0100000000000002
2021-07-22,2021-07-22,2.1,-0.0099999999999997
2021-07-23,2021-07-23,2.17,0.0699999999999998
2021-07-26,2021-07-26,2.21,0.04
2021-07-27,2021-07-27,2.21,0.0
2021-07-28,2021-07-28,2.25,0.04
2021-07-29,2021-07-29,2.28,0.0299999999999998
2021-07-30,2021-07-30,2.24,-0.0399999999999995
2021-08-02,2021-08-02,2.23,-0.0100000000000002
2021-08-03,2021-08-03,2.25,0.02
2021-08-04,2021-08-04,2.2,-0.0499999999999998
2021-08-05,2021-08-05,2.2,0.0
2021-08-06,2021-08-06,2.24,0.04
2021-08-09,2021-08-09,2.24,0.0
2021-08-10,2021-08-10,2.27,0.0299999999999998
2021-08-11,2021-08-11,2.29,0.02
2021-08-12,2021-08-12,2.27,-0.02
2021-08-13,2021-08-13,2.22,-0.0499999999999998
2021-08-16,2021-08-16,2.22,0.0
2021-08-17,2021-08-17,2.17,-0.0500000000000002
2021-08-18,2021-08-18,2.16,-0.0099999999999997
2021-08-19,2021-08-19,2.11,-0.0500000000000002
2021-08-20,2021-08-20,2.14,0.0300000000000002
2021-08-23,2021-08-23,2.11,-0.0300000000000002
2021-08-24,2021-08-24,2.15,0.04
2021-08-25,2021-08-25,2.19,0.04
2021-08-26,2021-08-26,2.16,-0.0299999999999998
2021-08-27,2021-08-27,2.25,0.0899999999999998
2021-08-30,2021-08-30,2.23,-0.02
2021-08-31,2021-08-31,2.18,-0.0499999999999998
2021-09-01,2021-09-01,2.2,0.02
2021-09-02,2021-09-02,2.17,-0.0300000000000002
2021-09-03,2021-09-03,2.2,0.0300000000000002
2021-09-06,2021-09-06,2.2,0.0
2021-09-07,2021-09-07,2.21,0.0099999999999997
2021-09-08,2021-09-08,2.23,0.02
2021-09-09,2021-09-09,2.21,-0.02
2021-09-10,2021-09-10,2.25,0.04
2021-09-13,2021-09-13,2.21,-0.04
2021-09-14,2021-09-14,2.17,-0.04
2021-09-15,2021-09-15,2.19,0.02
2021-09-16,2021-09-16,2.17,-0.02
2021-09-17,2021-09-17,2.15,-0.02
2021-09-20,2021-09-20,2.15,0.0
2021-09-21,2021-09-21,2.14,-0.0099999999999997
2021-09-22,2021-09-22,2.15,0.0099999999999997
2021-09-23,2021-09-23,2.14,-0.0099999999999997
2021-09-24,2021-09-24,2.21,0.0699999999999998
2021-09-27,2021-09-27,2.2,-0.0099999999999997
2021-09-28,2021-09-28,2.23,0.0299999999999998
2021-09-29,2021-09-29,2.22,-0.0099999999999997
2021-09-30,2021-09-30,2.23,0.0099999999999997
2021-10-01,2021-10-01,2.25,0.02
2021-10-04,2021-10-04,2.23,-0.02
2021-10-05,2021-10-05,2.31,0.08
2021-10-06,2021-10-06,2.29,-0.02
2021-10-07,2021-10-07,2.31,0.02
2021-10-08,2021-10-08,2.36,0.0499999999999998
2021-10-11,2021-10-11,2.35,-0.0099999999999997
2021-10-12,2021-10-12,2.34,-0.0100000000000002
2021-10-13,2021-10-13,2.36,0.02
2021-10-14,2021-10-14,2.35,-0.0099999999999997
2021-10-15,2021-10-15,2.41,0.06
2021-10-18,2021-10-18,2.37,-0.04
2021-10-19,2021-10-19,2.37,0.0
2021-10-20,2021-10-20,2.37,0.0
2021-10-21,2021-10-21,2.34,-0.0300000000000002
2021-10-22,2021-10-22,2.37,0.0300000000000002
2021-10-25,2021-10-25,2.37,0.0
2021-10-26,2021-10-26,2.39,0.02
2021-10-27,2021-10-27,2.34,-0.0500000000000002
2021-10-28,2021-10-28,2.24,-0.0999999999999996
2021-10-29,2021-10-29,2.13,-0.1100000000000003
2021-11-01,2021-11-01,2.14,0.0100000000000002
2021-11-02,2021-11-02,2.18,0.04
2021-11-03,2021-11-03,2.2,0.02
2021-11-04,2021-11-04,2.24,0.04
2021-11-05,2021-11-05,2.21,-0.0300000000000002
2021-11-08,2021-11-08,2.3,0.0899999999999998
2021-11-09,2021-11-09,2.3,0.0
2021-11-10,2021-11-10,2.32,0.02
2021-11-11,2021-11-11,2.34,0.02
2021-11-12,2021-11-12,2.35,0.0100000000000002
2021-11-15,2021-11-15,2.35,0.0
2021-11-16,2021-11-16,2.29,-0.06
2021-11-17,2021-11-17,2.26,-0.0300000000000002
2021-11-18,2021-11-18,2.35,0.0900000000000003
2021-11-19,2021-11-19,2.28,-0.0700000000000002
2021-11-22,2021-11-22,2.24,-0.0399999999999995
2021-11-23,2021-11-23,2.24,0.0
2021-11-24,2021-11-24,2.19,-0.0500000000000002
2021-11-25,2021-11-25,2.18,-0.0099999999999997
2021-11-26,2021-11-26,2.18,0.0
2021-11-29,2021-11-29,2.17,-0.0100000000000002
2021-11-30,2021-11-30,2.2,0.0300000000000002
2021-12-01,2021-12-01,2.18,-0.02
2021-12-02,2021-12-02,2.21,0.0299999999999998
2021-12-03,2021-12-03,2.14,-0.0699999999999998
2021-12-06,2021-12-06,2.09,-0.0500000000000002
2021-12-07,2021-12-07,2.1,0.0100000000000002
2021-12-08,2021-12-08,2.16,0.06
2021-12-09,2021-12-09,2.14,-0.02
2021-12-10,2021-12-10,2.12,-0.02
2021-12-13,2021-12-13,2.07,-0.0500000000000002
2021-12-14,2021-12-14,2.08,0.0100000000000002
2021-12-15,2021-12-15,2.11,0.0299999999999998
2021-12-16,2021-12-16,2.14,0.0300000000000002
2021-12-17,2021-12-17,2.11,-0.0300000000000002
2021-12-20,2021-12-20,2.13,0.02
2021-12-21,2021-12-21,2.19,0.06
2021-12-22,2021-12-22,2.24,0.0500000000000002
2021-12-23,2021-12-23,2.22,-0.02
2021-12-24,2021-12-24,2.24,0.02
2021-12-27,2021-12-27,2.25,0.0099999999999997
2021-12-28,2021-12-28,2.22,-0.0299999999999998
2021-12-29,2021-12-29,2.23,0.0099999999999997
2021-12-30,2021-12-30,2.3,0.0699999999999998
2021-12-31,2021-12-31,2.25,-0.0499999999999998
2022-01-03,2022-01-03,2.25,0.0
2022-01-04,2022-01-04,2.21,-0.04
2022-01-05,2022-01-05,2.19,-0.02
2022-01-06,2022-01-06,2.15,-0.04
2022-01-07,2022-01-07,2.18,0.0300000000000002
2022-01-10,2022-01-10,2.19,0.0099999999999997
2022-01-11,2022-01-11,2.21,0.02
2022-01-12,2022-01-12,2.14,-0.0699999999999998
2022-01-13,2022-01-13,2.09,-0.0500000000000002
2022-01-14,2022-01-14,2.09,0.0
2022-01-17,2022-01-17,2.1,0.0100000000000002
2022-01-18,2022-01-18,2.12,0.02
2022-01-19,2022-01-19,2.07,-0.0500000000000002
2022-01-20,2022-01-20,1.92,-0.1499999999999999
2022-01-21,2022-01-21,1.98,0.06
2022-01-24,2022-01-24,2.02,0.04
2022-01-25,2022-01-25,2.04,0.02
2022-01-26,2022-01-26,2.01,-0.0300000000000002
2022-01-27,2022-01-27,2.04,0.0300000000000002
2022-01-28,2022-01-28,2.08,0.04
2022-01-31,2022-01-31,2.06,-0.02
2022-02-01,2022-02-01,2.06,0.0
2022-02-02,2022-02-02,2.03,-0.0300000000000002
2022-02-03,2022-02-03,2.0,-0.0299999999999998
2022-02-04,2022-02-04,2.04,0.04
2022-02-07,2022-02-07,2.05,0.0099999999999997
2022-02-08,2022-02-08,2.07,0.02
2022-02-09,2022-02-09,2.06,-0.0099999999999997
2022-02-10,2022-02-10,2.09,0.0299999999999998
2022-02-11,2022-02-11,2.04,-0.0499999999999998
2022-02-14,2022-02-14,2.05,0.0099999999999997
2022-02-15,2022-02-15,2.07,0.02
2022-02-16,2022-02-16,2.05,-0.02
2022-02-17,2022-02-17,1.99,-0.0599999999999998
2022-02-18,2022-02-18,1.96,-0.03
2022-02-21,2022-02-21,1.98,0.02
2022-02-22,2022-02-22,2.01,0.0299999999999998
2022-02-23,2022-02-23,2.05,0.04
2022-02-24,2022-02-24,2.05,0.0
2022-02-25,2022-02-25,2.06,0.0100000000000002
2022-02-28,2022-02-28,2.13,0.0699999999999998
2022-03-01,2022-03-01,2.1,-0.0299999999999998
2022-03-02,2022-03-02,2.19,0.0899999999999998
2022-03-03,2022-03-03,2.21,0.02
2022-03-04,2022-03-04,2.15,-0.06
2022-03-07,2022-03-07,2.25,0.1
2022-03-08,2022-03-08,2.37,0.1200000000000001
2022-03-09,2022-03-09,2.35,-0.02
2022-03-10,2022-03-10,2.3,-0.0500000000000002
2022-03-11,2022-03-11,2.36,0.06
2022-03-14,2022-03-14,2.36,0.0
2022-03-15,2022-03-15,2.26,-0.1
2022-03-16,2022-03-16,2.26,0.0
2022-03-17,2022-03-17,2.31,0.0500000000000002
2022-03-18,2022-03-18,2.24,-0.0699999999999998
2022-03-21,2022-03-21,2.28,0.0399999999999995
2022-03-22,2022-03-22,2.3,0.02
2022-03-23,2022-03-23,2.31,0.0100000000000002
2022-03-24,2022-03-24,2.27,-0.04
2022-03-25,2022-03-25,2.31,0.04
2022-03-28,2022-03-28,2.34,0.0299999999999998
2022-03-29,2022-03-29,2.32,-0.02
2022-03-30,2022-03-30,2.31,-0.0099999999999997
2022-03-31,2022-03-31,2.34,0.0299999999999998
2022-04-01,2022-04-01,2.32,-0.02
2022-04-04,2022-04-04,2.32,0.0
2022-04-05,2022-04-05,2.37,0.0500000000000002
2022-04-06,2022-04-06,2.38,0.0099999999999997
2022-04-07,2022-04-07,2.38,0.0
2022-04-08,2022-04-08,2.41,0.0300000000000002
2022-04-11,2022-04-11,2.45,0.04
2022-04-12,2022-04-12,2.41,-0.04
2022-04-13,2022-04-13,2.35,-0.06
2022-04-14,2022-04-14,2.45,0.1
2022-04-15,2022-04-15,2.46,0.0099999999999997
2022-04-18,2022-04-18,2.48,0.02
2022-04-19,2022-04-19,2.5,0.02
2022-04-20,2022-04-20,2.48,-0.02
2022-04-21,2022-04-21,2.67,0.1899999999999999
2022-04-22,2022-04-22,2.59,-0.08
2022-04-25,2022-04-25,2.55,-0.04
2022-04-26,2022-04-26,2.45,-0.0999999999999996
2022-04-27,2022-04-27,2.48,0.0299999999999998
2022-04-28,2022-04-28,2.55,0.0699999999999998
2022-04-29,2022-04-29,2.46,-0.0899999999999998
2022-05-02,2022-05-02,2.41,-0.0499999999999998
2022-05-03,2022-05-03,2.45,0.04
2022-05-04,2022-05-04,2.48,0.0299999999999998
2022-05-05,2022-05-05,2.51,0.0299999999999998
2022-05-06,2022-05-06,2.5,-0.0099999999999997
2022-05-09,2022-05-09,2.44,-0.06
2022-05-10,2022-05-10,2.38,-0.06
2022-05-11,2022-05-11,2.4,0.02
2022-05-12,2022-05-12,2.29,-0.1099999999999998
2022-05-13,2022-05-13,2.35,0.06
2022-05-16,2022-05-16,2.32,-0.0300000000000002
2022-05-17,2022-05-17,2.34,0.02
2022-05-18,2022-05-18,2.39,0.0500000000000002
2022-05-19,2022-05-19,2.21,-0.1800000000000001
2022-05-20,2022-05-20,2.22,0.0100000000000002
2022-05-23,2022-05-23,2.28,0.0599999999999996
2022-05-24,2022-05-24,2.23,-0.0499999999999998
2022-05-25,2022-05-25,2.24,0.0100000000000002
2022-05-26,2022-05-26,2.28,0.0399999999999995
2022-05-27,2022-05-27,2.31,0.0300000000000002
2022-05-30,2022-05-30,2.32,0.0099999999999997
2022-05-31,2022-05-31,2.32,0.0
2022-06-01,2022-06-01,2.34,0.02
2022-06-02,2022-06-02,2.35,0.0100000000000002
2022-06-03,2022-06-03,2.44,0.0899999999999998
2022-06-06,2022-06-06,2.47,0.0300000000000002
2022-06-07,2022-06-07,2.43,-0.04
2022-06-08,2022-06-08,2.44,0.0099999999999997
2022-06-09,2022-06-09,2.42,-0.02
2022-06-10,2022-06-10,2.39,-0.0299999999999998
2022-06-13,2022-06-13,2.37,-0.02
2022-06-14,2022-06-14,2.32,-0.0500000000000002
2022-06-15,2022-06-15,2.4,0.08
2022-06-16,2022-06-16,2.37,-0.0299999999999998
2022-06-17,2022-06-17,2.36,-0.0100000000000002
2022-06-20,2022-06-20,2.37,0.0100000000000002
2022-06-21,2022-06-21,2.38,0.0099999999999997
2022-06-22,2022-06-22,2.34,-0.04
2022-06-23,2022-06-23,2.31,-0.0299999999999998
2022-06-24,2022-06-24,2.3,-0.0100000000000002
2022-06-27,2022-06-27,2.31,0.0100000000000002
2022-06-28,2022-06-28,2.23,-0.08
2022-06-29,2022-06-29,2.13,-0.1
2022-06-30,2022-06-30,2.08,-0.0499999999999998
2022-07-01,2022-07-01,2.08,0.0
2022-07-04,2022-07-04,2.08,0.0
2022-07-05,2022-07-05,2.09,0.0099999999999997
2022-07-06,2022-07-06,2.1,0.0100000000000002
2022-07-07,2022-07-07,2.13,0.0299999999999998
2022-07-08,2022-07-08,2.12,-0.0099999999999997
2022-07-11,2022-07-11,2.08,-0.04
2022-07-12,2022-07-12,2.14,0.06
2022-07-13,2022-07-13,2.11,-0.0300000000000002
2022-07-14,2022-07-14,2.14,0.0300000000000002
2022-07-15,2022-07-15,2.13,-0.0100000000000002
2022-07-18,2022-07-18,2.11,-0.02
2022-07-19,2022-07-19,2.11,0.0
2022-07-20,2022-07-20,2.09,-0.02
2022-07-21,2022-07-21,2.11,0.02
2022-07-22,2022-07-22,2.12,0.0100000000000002
2022-07-25,2022-07-25,2.14,0.02
2022-07-26,2022-07-26,2.16,0.02
2022-07-27,2022-07-27,2.23,0.0699999999999998
2022-07-28,2022-07-28,2.29,0.06
2022-07-29,2022-07-29,2.33,0.04
2022-08-01,2022-08-01,2.3,-0.0300000000000002
2022-08-02,2022-08-02,2.27,-0.0299999999999998
2022-08-03,2022-08-03,2.28,0.0099999999999997
2022-08-04,2022-08-04,2.28,0.0
2022-08-05,2022-08-05,2.28,0.0
2022-08-08,2022-08-08,2.31,0.0300000000000002
2022-08-09,2022-08-09,2.28,-0.0300000000000002
2022-08-10,2022-08-10,2.25,-0.0299999999999998
2022-08-11,2022-08-11,2.27,0.02
2022-08-12,2022-08-12,2.27,0.0
2022-08-15,2022-08-15,2.26,-0.0100000000000002
2022-08-16,2022-08-16,2.27,0.0100000000000002
2022-08-17,2022-08-17,2.27,0.0
2022-08-18,2022-08-18,2.34,0.0699999999999998
2022-08-19,2022-08-19,2.38,0.04
2022-08-22,2022-08-22,2.4,0.02
2022-08-23,2022-08-23,2.39,-0.0099999999999997
2022-08-24,2022-08-24,2.45,0.06
2022-08-25,2022-08-25,2.43,-0.02
2022-08-26,2022-08-26,2.41,-0.02
2022-08-29,2022-08-29,2.45,0.04
2022-08-30,2022-08-30,2.43,-0.02
2022-08-31,2022-08-31,2.38,-0.0500000000000002
2022-09-01,2022-09-01,2.38,0.0
2022-09-02,2022-09-02,2.39,0.0100000000000002
2022-09-05,2022-09-05,2.4,0.0099999999999997
2022-09-06,2022-09-06,2.4,0.0
2022-09-07,2022-09-07,2.39,-0.0099999999999997
2022-09-08,2022-09-08,2.36,-0.0300000000000002
2022-09-09,2022-09-09,2.33,-0.0299999999999998
2022-09-12,2022-09-12,2.32,-0.0100000000000002
2022-09-13,2022-09-13,2.32,0.0
2022-09-14,2022-09-14,2.3,-0.02
2022-09-15,2022-09-15,2.29,-0.0099999999999997
2022-09-16,2022-09-16,2.27,-0.02
2022-09-19,2022-09-19,2.24,-0.0299999999999998
2022-09-20,2022-09-20,2.32,0.0799999999999996
2022-09-21,2022-09-21,2.29,-0.0299999999999998
2022-09-22,2022-09-22,2.37,0.08
2022-09-23,2022-09-23,2.36,-0.0100000000000002
2022-09-26,2022-09-26,2.31,-0.0499999999999998
2022-09-27,2022-09-27,2.31,0.0
2022-09-28,2022-09-28,2.29,-0.02
2022-09-29,2022-09-29,2.2,-0.0899999999999998
2022-09-30,2022-09-30,2.16,-0.04
2022-10-03,2022-10-03,2.22,0.06
2022-10-04,2022-10-04,2.2,-0.02
2022-10-05,2022-10-05,2.18,-0.02
2022-10-06,2022-10-06,2.15,-0.0300000000000002
2022-10-07,2022-10-07,2.18,0.0300000000000002
2022-10-10,2022-10-10,2.22,0.04
2022-10-11,2022-10-11,2.26,0.0399999999999995
2022-10-12,2022-10-12,2.26,0.0
2022-10-13,2022-10-13,2.3,0.04
2022-10-14,2022-10-14,2.38,0.08
2022-10-17,2022-10-17,2.42,0.04
2022-10-18,2022-10-18,2.4,-0.02
2022-10-19,2022-10-19,2.38,-0.02
2022-10-20,2022-10-20,2.37,-0.0099999999999997
2022-10-21,2022-10-21,2.35,-0.02
2022-10-24,2022-10-24,2.46,0.1099999999999998
2022-10-25,2022-10-25,2.4,-0.06
2022-10-26,2022-10-26,2.32,-0.08
2022-10-27,2022-10-27,2.33,0.0100000000000002
2022-10-28,2022-10-28,2.4,0.0699999999999998
2022-10-31,2022-10-31,2.37,-0.0299999999999998
2022-11-01,2022-11-01,2.37,0.0
2022-11-02,2022-11-02,2.38,0.0099999999999997
2022-11-03,2022-11-03,2.26,-0.1200000000000001
2022-11-04,2022-11-04,2.35,0.0900000000000003
2022-11-07,2022-11-07,2.39,0.04
2022-11-08,2022-11-08,2.39,0.0
2022-11-09,2022-11-09,2.31,-0.08
2022-11-10,2022-11-10,2.31,0.0
2022-11-11,2022-11-11,2.32,0.0099999999999997
2022-11-14,2022-11-14,2.32,0.0
2022-11-15,2022-11-15,2.3,-0.02
2022-11-16,2022-11-16,2.23,-0.0699999999999998
2022-11-17,2022-11-17,2.24,0.0100000000000002
2022-11-18,2022-11-18,2.22,-0.02
2022-11-21,2022-11-21,2.28,0.0599999999999996
2022-11-22,2022-11-22,2.29,0.0100000000000002
2022-11-23,2022-11-23,2.31,0.02
2022-11-24,2022-11-24,2.3,-0.0100000000000002
2022-11-25,2022-11-25,2.3,0.0
2022-11-28,2022-11-28,2.23,-0.0699999999999998
2022-11-29,2022-11-29,2.2,-0.0299999999999998
2022-11-30,2022-11-30,2.27,0.0699999999999998
2022-12-01,2022-12-01,2.27,0.0
2022-12-02,2022-12-02,2.35,0.08
2022-12-05,2022-12-05,2.32,-0.0300000000000002
2022-12-06,2022-12-06,2.24,-0.0799999999999996
2022-12-07,2022-12-07,2.19,-0.0500000000000002
2022-12-08,2022-12-08,2.2,0.0100000000000002
2022-12-09,2022-12-09,2.22,0.02
2022-12-12,2022-12-12,2.21,-0.0100000000000002
2022-12-13,2022-12-13,2.17,-0.04
2022-12-14,2022-12-14,2.13,-0.04
2022-12-15,2022-12-15,2.11,-0.02
2022-12-16,2022-12-16,2.12,0.0100000000000002
2022-12-19,2022-12-19,2.11,-0.0100000000000002
2022-12-20,2022-12-20,2.22,0.1100000000000003
2022-12-21,2022-12-21,2.23,0.0099999999999997
2022-12-22,2022-12-22,2.14,-0.0899999999999998
2022-12-23,2022-12-23,2.11,-0.0300000000000002
2022-12-26,2022-12-26,2.15,0.04
2022-12-27,2022-12-27,2.19,0.04
2022-12-28,2022-12-28,2.23,0.04
2022-12-29,2022-12-29,2.22,-0.0099999999999997
2022-12-30,2022-12-30,2.27,0.0499999999999998
2023-01-02,2023-01-02,2.25,-0.02
2023-01-03,2023-01-03,2.23,-0.02
2023-01-04,2023-01-04,2.23,0.0
2023-01-05,2023-01-05,2.22,-0.0099999999999997
2023-01-06,2023-01-06,2.24,0.02
2023-01-09,2023-01-09,2.26,0.0199999999999995
2023-01-10,2023-01-10,2.28,0.02
2023-01-11,2023-01-11,2.25,-0.0299999999999998
2023-01-12,2023-01-12,2.21,-0.04
2023-01-13,2023-01-13,2.16,-0.0499999999999998
2023-01-16,2023-01-16,2.16,0.0
2023-01-17,2023-01-17,2.16,0.0
2023-01-18,2023-01-18,2.15,-0.0100000000000002
2023-01-19,2023-01-19,2.19,0.04
2023-01-20,2023-01-20,2.23,0.04
2023-01-23,2023-01-23,2.28,0.0499999999999998
2023-01-24,2023-01-24,2.25,-0.0299999999999998
2023-01-25,2023-01-25,2.3,0.0499999999999998
2023-01-26,2023-01-26,2.34,0.04
2023-01-27,2023-01-27,2.33,-0.0099999999999997
2023-01-30,2023-01-30,2.28,-0.0500000000000002
2023-01-31,2023-01-31,2.21,-0.0699999999999998
2023-02-01,2023-02-01,2.21,0.0
2023-02-02,2023-02-02,2.18,-0.0299999999999998
2023-02-03,2023-02-03,2.17,-0.0100000000000002
2023-02-06,2023-02-06,2.17,0.0
2023-02-07,2023-02-07,2.22,0.0500000000000002
2023-02-08,2023-02-08,2.22,0.0
2023-02-09,2023-02-09,2.21,-0.0100000000000002
2023-02-10,2023-02-10,2.19,-0.02
2023-02-13,2023-02-13,2.18,-0.0099999999999997
2023-02-14,2023-02-14,2.17,-0.0100000000000002
2023-02-15,2023-02-15,2.19,0.02
2023-02-16,2023-02-16,2.22,0.0300000000000002
2023-02-17,2023-02-17,2.22,0.0
2023-02-20,2023-02-20,2.24,0.02
2023-02-21,2023-02-21,2.26,0.0199999999999995
2023-02-22,2023-02-22,2.3,0.04
2023-02-23,2023-02-23,2.28,-0.02
2023-02-24,2023-02-24,2.29,0.0100000000000002
2023-02-27,2023-02-27,2.23,-0.06
2023-02-28,2023-02-28,2.28,0.0499999999999998
2023-03-01,2023-03-01,2.29,0.0100000000000002
2023-03-02,2023-03-02,2.31,0.02
2023-03-03,2023-03-03,2.33,0.02
2023-03-06,2023-03-06,2.28,-0.0500000000000002
2023-03-07,2023-03-07,2.22,-0.0599999999999996
2023-03-08,2023-03-08,2.17,-0.0500000000000002
2023-03-09,2023-03-09,2.17,0.0
2023-03-10,2023-03-10,2.18,0.0100000000000002
2023-03-13,2023-03-13,2.22,0.04
2023-03-14,2023-03-14,2.27,0.0499999999999998
2023-03-15,2023-03-15,2.25,-0.02
2023-03-16,2023-03-16,2.18,-0.0699999999999998
2023-03-17,2023-03-17,2.1,-0.08
2023-03-20,2023-03-20,2.14,0.04
2023-03-21,2023-03-21,2.21,0.0699999999999998
2023-03-22,2023-03-22,2.25,0.04
2023-03-23,2023-03-23,2.12,-0.1299999999999999
2023-03-24,2023-03-24,2.23,0.1099999999999998
2023-03-27,2023-03-27,2.21,-0.02
2023-03-28,2023-03-28,2.28,0.0699999999999998
2023-03-29,2023-03-29,2.28,0.0
2023-03-30,2023-03-30,2.28,0.0
2023-03-31,2023-03-31,2.24,-0.0399999999999995
2023-04-03,2023-04-03,2.19,-0.0500000000000002
2023-04-04,2023-04-04,2.18,-0.0099999999999997
2023-04-05,2023-04-05,2.17,-0.0100000000000002
2023-04-06,2023-04-06,2.17,0.0
2023-04-07,2023-04-07,2.17,0.0
2023-04-10,2023-04-10,2.2,0.0300000000000002
2023-04-11,2023-04-11,2.22,0.02
2023-04-12,2023-04-12,2.25,0.0299999999999998
2023-04-13,2023-04-13,2.29,0.04
2023-04-14,2023-04-14,2.29,0.0
2023-04-17,2023-04-17,2.29,0.0
2023-04-18,2023-04-18,2.23,-0.06
2023-04-19,2023-04-19,2.23,0.0
2023-04-20,2023-04-20,2.24,0.0100000000000002
2023-04-21,2023-04-21,2.26,0.0199999999999995
2023-04-24,2023-04-24,2.23,-0.0299999999999998
2023-04-25,2023-04-25,2.24,0.0100000000000002
2023-04-26,2023-04-26,2.24,0.0
2023-04-27,2023-04-27,2.25,0.0099999999999997
2023-04-28,2023-04-28,2.16,-0.0899999999999998
2023-05-01,2023-05-01,2.22,0.06
2023-05-02,2023-05-02,2.22,0.0
2023-05-03,2023-05-03,2.21,-0.0100000000000002
2023-05-04,2023-05-04,2.25,0.04
2023-05-05,2023-05-05,2.23,-0.02
2023-05-08,2023-05-08,2.24,0.0100000000000002
2023-05-09,2023-05-09,2.24,0.0
2023-05-10,2023-05-10,2.21,-0.0300000000000002
2023-05-11,2023-05-11,2.22,0.0100000000000002
2023-05-12,2023-05-12,2.25,0.0299999999999998
2023-05-15,2023-05-15,2.26,0.0099999999999997
2023-05-16,2023-05-16,2.27,0.0100000000000002
2023-05-17,2023-05-17,2.28,0.0099999999999997
2023-05-18,2023-05-18,2.3,0.02
2023-05-19,2023-05-19,2.29,-0.0099999999999997
2023-05-22,2023-05-22,2.3,0.0099999999999997
2023-05-23,2023-05-23,2.31,0.0100000000000002
2023-05-24,2023-05-24,2.36,0.0499999999999998
2023-05-25,2023-05-25,2.38,0.02
2023-05-26,2023-05-26,2.33,-0.0499999999999998
2023-05-29,2023-05-29,2.33,0.0
2023-05-30,2023-05-30,2.32,-0.0100000000000002
2023-05-31,2023-05-31,2.29,-0.0299999999999998
2023-06-01,2023-06-01,2.25,-0.04
2023-06-02,2023-06-02,2.23,-0.02
2023-06-05,2023-06-05,2.23,0.0
2023-06-06,2023-06-06,2.26,0.0299999999999998
2023-06-07,2023-06-07,2.27,0.0100000000000002
2023-06-08,2023-06-08,2.26,-0.0100000000000002
2023-06-09,2023-06-09,2.27,0.0100000000000002
2023-06-12,2023-06-12,2.25,-0.02
2023-06-13,2023-06-13,2.28,0.0299999999999998
2023-06-14,2023-06-14,2.27,-0.0099999999999997
2023-06-15,2023-06-15,2.26,-0.0100000000000002
2023-06-16,2023-06-16,2.27,0.0100000000000002
2023-06-19,2023-06-19,2.28,0.0099999999999997
2023-06-20,2023-06-20,2.3,0.02
2023-06-21,2023-06-21,2.27,-0.0299999999999998
2023-06-22,2023-06-22,2.3,0.0299999999999998
2023-06-23,2023-06-23,2.26,-0.04
2023-06-26,2023-06-26,2.23,-0.0299999999999998
2023-06-27,2023-06-27,2.28,0.0499999999999998
2023-06-28,2023-06-28,2.24,-0.0399999999999995
2023-06-29,2023-06-29,2.25,0.0099999999999997
2023-06-30,2023-06-30,2.26,0.0099999999999997
2023-07-03,2023-07-03,2.29,0.0300000000000002
2023-07-04,2023-07-04,2.3,0.0099999999999997
2023-07-05,2023-07-05,2.32,0.02
2023-07-06,2023-07-06,2.32,0.0
2023-07-07,2023-07-07,2.32,0.0
2023-07-10,2023-07-10,2.31,-0.0099999999999997
2023-07-11,2023-07-11,2.32,0.0099999999999997
2023-07-12,2023-07-12,2.34,0.02
2023-07-13,2023-07-13,2.32,-0.02
2023-07-14,2023-07-14,2.33,0.0100000000000002
2023-07-17,2023-07-17,2.34,0.0099999999999997
2023-07-18,2023-07-18,2.33,-0.0099999999999997
2023-07-19,2023-07-19,2.31,-0.02
2023-07-20,2023-07-20,2.49,0.1800000000000001
2023-07-21,2023-07-21,2.47,-0.02
2023-07-24,2023-07-24,2.48,0.0099999999999997
2023-07-25,2023-07-25,2.52,0.04
2023-07-26,2023-07-26,2.48,-0.04
2023-07-27,2023-07-27,2.47,-0.0099999999999997
2023-07-28,2023-07-28,2.48,0.0099999999999997
2023-07-31,2023-07-31,2.47,-0.0099999999999997
2023-08-01,2023-08-01,2.48,0.0099999999999997
2023-08-02,2023-08-02,2.47,-0.0099999999999997
2023-08-03,2023-08-03,2.5,0.0299999999999998
2023-08-04,2023-08-04,2.5,0.0
2023-08-07,2023-08-07,2.53,0.0299999999999998
2023-08-08,2023-08-08,2.48,-0.0499999999999998
2023-08-09,2023-08-09,2.45,-0.0299999999999998
2023-08-10,2023-08-10,2.41,-0.04
2023-08-11,2023-08-11,2.42,0.0099999999999997
2023-08-14,2023-08-14,2.43,0.0100000000000002
2023-08-15,2023-08-15,2.4,-0.0300000000000002
2023-08-16,2023-08-16,2.41,0.0100000000000002
2023-08-17,2023-08-17,2.42,0.0099999999999997
2023-08-18,2023-08-18,2.42,0.0
2023-08-21,2023-08-21,2.43,0.0100000000000002
2023-08-22,2023-08-22,2.43,0.0
2023-08-23,2023-08-23,2.44,0.0099999999999997
2023-08-24,2023-08-24,2.4,-0.04
2023-08-25,2023-08-25,2.41,0.0100000000000002
2023-08-28,2023-08-28,2.39,-0.02
2023-08-29,2023-08-29,2.4,0.0099999999999997
2023-08-30,2023-08-30,2.36,-0.04
2023-08-31,2023-08-31,2.33,-0.0299999999999998
2023-09-01,2023-09-01,2.35,0.02
2023-09-04,2023-09-04,2.36,0.0099999999999997
2023-09-05,2023-09-05,2.37,0.0100000000000002
2023-09-06,2023-09-06,2.37,0.0
2023-09-07,2023-09-07,2.4,0.0299999999999998
2023-09-08,2023-09-08,2.4,0.0
2023-09-11,2023-09-11,2.44,0.04
2023-09-12,2023-09-12,2.41,-0.0299999999999998
2023-09-13,2023-09-13,2.42,0.0099999999999997
2023-09-14,2023-09-14,2.41,-0.0099999999999997
2023-09-15,2023-09-15,2.43,0.02
2023-09-18,2023-09-18,2.43,0.0
2023-09-19,2023-09-19,2.44,0.0099999999999997
2023-09-20,2023-09-20,2.43,-0.0099999999999997
2023-09-21,2023-09-21,2.47,0.04
2023-09-22,2023-09-22,2.45,-0.02
2023-09-25,2023-09-25,2.49,0.04
2023-09-26,2023-09-26,2.46,-0.0300000000000002
2023-09-27,2023-09-27,2.45,-0.0099999999999997
2023-09-28,2023-09-28,2.51,0.0599999999999996
2023-09-29,2023-09-29,2.48,-0.0299999999999998
2023-10-02,2023-10-02,2.47,-0.0099999999999997
2023-10-03,2023-10-03,2.51,0.0399999999999995
2023-10-04,2023-10-04,2.48,-0.0299999999999998
2023-10-05,2023-10-05,2.48,0.0
2023-10-06,2023-10-06,2.45,-0.0299999999999998
2023-10-09,2023-10-09,2.46,0.0099999999999997
2023-10-10,2023-10-10,2.46,0.0
2023-10-11,2023-10-11,2.44,-0.02
2023-10-12,2023-10-12,2.45,0.0100000000000002
2023-10-13,2023-10-13,2.42,-0.0300000000000002
2023-10-16,2023-10-16,2.46,0.04
2023-10-17,2023-10-17,2.5,0.04
2023-10-18,2023-10-18,2.53,0.0299999999999998
2023-10-19,2023-10-19,2.46,-0.0699999999999998
2023-10-20,2023-10-20,2.47,0.0100000000000002
2023-10-23,2023-10-23,2.41,-0.06
2023-10-24,2023-10-24,2.42,0.0099999999999997
2023-10-25,2023-10-25,2.46,0.04
2023-10-26,2023-10-26,2.47,0.0100000000000002
2023-10-27,2023-10-27,2.45,-0.02
2023-10-30,2023-10-30,2.48,0.0299999999999998
2023-10-31,2023-10-31,2.44,-0.04
2023-11-01,2023-11-01,2.46,0.02
2023-11-02,2023-11-02,2.45,-0.0099999999999997
2023-11-03,2023-11-03,2.46,0.0099999999999997
2023-11-06,2023-11-06,2.49,0.0300000000000002
2023-11-07,2023-11-07,2.46,-0.0300000000000002
2023-11-08,2023-11-08,2.39,-0.0699999999999998
2023-11-09,2023-11-09,2.36,-0.0300000000000002
2023-11-10,2023-11-10,2.36,0.0
2023-11-13,2023-11-13,2.33,-0.0299999999999998
2023-11-14,2023-11-14,2.33,0.0
2023-11-15,2023-11-15,2.38,0.0499999999999998
2023-11-16,2023-11-16,2.34,-0.04
2023-11-17,2023-11-17,2.33,-0.0099999999999997
2023-11-20,2023-11-20,2.34,0.0099999999999997
2023-11-21,2023-11-21,2.31,-0.0299999999999998
2023-11-22,2023-11-22,2.31,0.0
2023-11-23,2023-11-23,2.31,0.0
2023-11-24,2023-11-24,2.31,0.0
2023-11-27,2023-11-27,2.3,-0.0100000000000002
2023-11-28,2023-11-28,2.29,-0.0099999999999997
2023-11-29,2023-11-29,2.28,-0.0100000000000002
2023-11-30,2023-11-30,2.31,0.0300000000000002
2023-12-01,2023-12-01,2.32,0.0099999999999997
2023-12-04,2023-12-04,2.29,-0.0299999999999998
2023-12-05,2023-12-05,2.25,-0.04
2023-12-06,2023-12-06,2.23,-0.02
2023-12-07,2023-12-07,2.28,0.0499999999999998
2023-12-08,2023-12-08,2.31,0.0300000000000002
2023-12-11,2023-12-11,2.27,-0.04
2023-12-12,2023-12-12,2.24,-0.0299999999999998
2023-12-13,2023-12-13,2.24,0.0
2023-12-14,2023-12-14,2.26,0.0199999999999995
2023-12-15,2023-12-15,2.27,0.0100000000000002
2023-12-18,2023-12-18,2.24,-0.0299999999999998
2023-12-19,2023-12-19,2.21,-0.0300000000000002
2023-12-20,2023-12-20,2.22,0.0100000000000002
2023-12-21,2023-12-21,2.2,-0.02
2023-12-22,2023-12-22,2.22,0.02
2023-12-25,2023-12-25,2.2,-0.02
2023-12-26,2023-12-26,2.19,-0.0100000000000002
2023-12-27,2023-12-27,2.18,-0.0099999999999997
2023-12-28,2023-12-28,2.21,0.0299999999999998
2023-12-29,2023-12-29,2.2,-0.0099999999999997
2024-01-01,2024-01-01,2.22,0.02
2024-01-02,2024-01-02,2.25,0.0299999999999998
2024-01-03,2024-01-03,2.23,-0.02
2024-01-04,2024-01-04,2.26,0.0299999999999998
2024-01-05,2024-01-05,2.25,-0.0099999999999997
2024-01-08,2024-01-08,2.25,0.0
2024-01-09,2024-01-09,2.27,0.02
2024-01-10,2024-01-10,2.26,-0.0100000000000002
2024-01-11,2024-01-11,2.26,0.0
2024-01-12,2024-01-12,2.32,0.06
2024-01-15,2024-01-15,2.34,0.02
2024-01-16,2024-01-16,2.36,0.02
2024-01-17,2024-01-17,2.36,0.0
2024-01-18,2024-01-18,2.4,0.04
2024-01-19,2024-01-19,2.38,-0.02
2024-01-22,2024-01-22,2.35,-0.0299999999999998
2024-01-23,2024-01-23,2.32,-0.0300000000000002
2024-01-24,2024-01-24,2.37,0.0500000000000002
2024-01-25,2024-01-25,2.34,-0.0300000000000002
2024-01-26,2024-01-26,2.34,0.0
2024-01-29,2024-01-29,2.34,0.0
2024-01-30,2024-01-30,2.27,-0.0699999999999998
2024-01-31,2024-01-31,2.28,0.0099999999999997
2024-02-01,2024-02-01,2.21,-0.0699999999999998
2024-02-02,2024-02-02,2.23,0.02
2024-02-05,2024-02-05,2.28,0.0499999999999998
2024-02-06,2024-02-06,2.24,-0.0399999999999995
2024-02-07,2024-02-07,2.2,-0.04
2024-02-08,2024-02-08,2.2,0.0
2024-02-09,2024-02-09,2.22,0.02
2024-02-12,2024-02-12,2.21,-0.0100000000000002
2024-02-13,2024-02-13,2.25,0.04
2024-02-14,2024-02-14,2.26,0.0099999999999997
2024-02-15,2024-02-15,2.25,-0.0099999999999997
2024-02-16,2024-02-16,2.28,0.0299999999999998
2024-02-19,2024-02-19,2.28,0.0
2024-02-20,2024-02-20,2.27,-0.0099999999999997
2024-02-21,2024-02-21,2.29,0.02
2024-02-22,2024-02-22,2.25,-0.04
2024-02-23,2024-02-23,2.26,0.0099999999999997
2024-02-26,2024-02-26,2.26,0.0
2024-02-27,2024-02-27,2.26,0.0
2024-02-28,2024-02-28,2.28,0.02
2024-02-29,2024-02-29,2.26,-0.02
2024-03-01,2024-03-01,2.24,-0.0199999999999995
2024-03-04,2024-03-04,2.26,0.0199999999999995
2024-03-05,2024-03-05,2.25,-0.0099999999999997
2024-03-06,2024-03-06,2.22,-0.0299999999999998
2024-03-07,2024-03-07,2.22,0.0
2024-03-08,2024-03-08,2.22,0.0
2024-03-11,2024-03-11,2.22,0.0
2024-03-12,2024-03-12,2.25,0.0299999999999998
2024-03-13,2024-03-13,2.23,-0.02
2024-03-14,2024-03-14,2.23,0.0
2024-03-15,2024-03-15,2.25,0.02
2024-03-18,2024-03-18,2.23,-0.02
2024-03-19,2024-03-19,2.22,-0.0099999999999997
2024-03-20,2024-03-20,2.22,0.0
2024-03-21,2024-03-21,2.25,0.0299999999999998
2024-03-22,2024-03-22,2.29,0.04
2024-03-25,2024-03-25,2.25,-0.04
2024-03-26,2024-03-26,2.26,0.0099999999999997
2024-03-27,2024-03-27,2.27,0.0100000000000002
2024-03-28,2024-03-28,2.26,-0.0100000000000002
2024-03-29,2024-03-29,2.28,0.02
2024-04-01,2024-04-01,2.29,0.0100000000000002
2024-04-02,2024-04-02,2.28,-0.0100000000000002
2024-04-03,2024-04-03,2.29,0.0100000000000002
2024-04-04,2024-04-04,2.26,-0.0300000000000002
2024-04-05,2024-04-05,2.29,0.0300000000000002
2024-04-08,2024-04-08,2.29,0.0
2024-04-09,2024-04-09,2.28,-0.0100000000000002
2024-04-10,2024-04-10,2.31,0.0300000000000002
2024-04-11,2024-04-11,2.32,0.0099999999999997
2024-04-12,2024-04-12,2.31,-0.0099999999999997
2024-04-15,2024-04-15,2.34,0.0299999999999998
2024-04-16,2024-04-16,2.34,0.0
2024-04-17,2024-04-17,2.31,-0.0299999999999998
2024-04-18,2024-04-18,2.36,0.0499999999999998
2024-04-19,2024-04-19,2.38,0.02
2024-04-22,2024-04-22,2.37,-0.0099999999999997
2024-04-23,2024-04-23,2.38,0.0099999999999997
2024-04-24,2024-04-24,2.4,0.02
2024-04-25,2024-04-25,2.41,0.0100000000000002
2024-04-26,2024-04-26,2.42,0.0099999999999997
2024-04-29,2024-04-29,2.39,-0.0299999999999998
2024-04-30,2024-04-30,2.39,0.0
2024-05-01,2024-05-01,2.37,-0.02
2024-05-02,2024-05-02,2.37,0.0
2024-05-03,2024-05-03,2.35,-0.02
2024-05-06,2024-05-06,2.36,0.0099999999999997
2024-05-07,2024-05-07,2.32,-0.04
2024-05-08,2024-05-08,2.31,-0.0099999999999997
2024-05-09,2024-05-09,2.3,-0.0100000000000002
2024-05-10,2024-05-10,2.34,0.04
2024-05-13,2024-05-13,2.33,-0.0099999999999997
2024-05-14,2024-05-14,2.34,0.0099999999999997
2024-05-15,2024-05-15,2.33,-0.0099999999999997
2024-05-16,2024-05-16,2.32,-0.0100000000000002
2024-05-17,2024-05-17,2.32,0.0
2024-05-20,2024-05-20,2.33,0.0100000000000002
2024-05-21,2024-05-21,2.31,-0.02
2024-05-22,2024-05-22,2.33,0.02
2024-05-23,2024-05-23,2.29,-0.04
2024-05-24,2024-05-24,2.31,0.02
2024-05-27,2024-05-27,2.33,0.02
2024-05-28,2024-05-28,2.35,0.02
2024-05-29,2024-05-29,2.36,0.0099999999999997
2024-05-30,2024-05-30,2.37,0.0100000000000002
2024-05-31,2024-05-31,2.36,-0.0100000000000002
2024-06-03,2024-06-03,2.35,-0.0099999999999997
2024-06-04,2024-06-04,2.34,-0.0100000000000002
2024-06-05,2024-06-05,2.33,-0.0099999999999997
2024-06-06,2024-06-06,2.31,-0.02
2024-06-07,2024-06-07,2.32,0.0099999999999997
2024-06-10,2024-06-10,2.35,0.0300000000000002
2024-06-11,2024-06-11,2.29,-0.06
2024-06-12,2024-06-12,2.27,-0.02
2024-06-13,2024-06-13,2.28,0.0099999999999997
2024-06-14,2024-06-14,2.23,-0.0499999999999998
2024-06-17,2024-06-17,2.28,0.0499999999999998
2024-06-18,2024-06-18,2.25,-0.0299999999999998
2024-06-19,2024-06-19,2.27,0.02
2024-06-20,2024-06-20,2.29,0.02
2024-06-21,2024-06-21,2.27,-0.02
2024-06-24,2024-06-24,2.26,-0.0100000000000002
2024-06-25,2024-06-25,2.27,0.0100000000000002
2024-06-26,2024-06-26,2.32,0.0499999999999998
2024-06-27,2024-06-27,2.3,-0.02
2024-06-28,2024-06-28,2.32,0.02
2024-07-01,2024-07-01,2.35,0.0300000000000002
2024-07-02,2024-07-02,2.34,-0.0100000000000002
2024-07-03,2024-07-03,2.31,-0.0299999999999998
2024-07-04,2024-07-04,2.33,0.02
2024-07-05,2024-07-05,2.34,0.0099999999999997
2024-07-08,2024-07-08,2.32,-0.02
2024-07-09,2024-07-09,2.31,-0.0099999999999997
2024-07-10,2024-07-10,2.32,0.0099999999999997
2024-07-11,2024-07-11,2.32,0.0
2024-07-12,2024-07-12,2.33,0.0100000000000002
2024-07-15,2024-07-15,2.34,0.0099999999999997
2024-07-16,2024-07-16,2.32,-0.02
2024-07-17,2024-07-17,2.33,0.0100000000000002
2024-07-18,2024-07-18,2.43,0.1
2024-07-19,2024-07-19,2.46,0.0299999999999998
2024-07-22,2024-07-22,2.42,-0.04
2024-07-23,2024-07-23,2.41,-0.0099999999999997
2024-07-24,2024-07-24,2.43,0.02
2024-07-25,2024-07-25,2.43,0.0
2024-07-26,2024-07-26,2.41,-0.02
2024-07-29,2024-07-29,2.37,-0.04
2024-07-30,2024-07-30,2.38,0.0099999999999997
2024-07-31,2024-07-31,2.35,-0.0299999999999998
2024-08-01,2024-08-01,2.34,-0.0100000000000002
2024-08-02,2024-08-02,2.19,-0.1499999999999999
2024-08-05,2024-08-05,2.23,0.04
2024-08-06,2024-08-06,2.28,0.0499999999999998
2024-08-07,2024-08-07,2.25,-0.0299999999999998
2024-08-08,2024-08-08,2.26,0.0099999999999997
2024-08-09,2024-08-09,2.24,-0.0199999999999995
2024-08-12,2024-08-12,2.24,0.0
2024-08-13,2024-08-13,2.22,-0.02
2024-08-14,2024-08-14,2.19,-0.0300000000000002
2024-08-15,2024-08-15,2.25,0.06
2024-08-16,2024-08-16,2.19,-0.06
2024-08-19,2024-08-19,2.2,0.0100000000000002
2024-08-20,2024-08-20,2.19,-0.0100000000000002
2024-08-21,2024-08-21,2.2,0.0100000000000002
2024-08-22,2024-08-22,2.24,0.04
2024-08-23,2024-08-23,2.25,0.0099999999999997
2024-08-26,2024-08-26,2.28,0.0299999999999998
2024-08-27,2024-08-27,2.28,0.0
2024-08-28,2024-08-28,2.31,0.0300000000000002
2024-08-29,2024-08-29,2.31,0.0
2024-08-30,2024-08-30,2.29,-0.02
2024-09-02,2024-09-02,2.28,-0.0100000000000002
2024-09-03,2024-09-03,2.27,-0.0099999999999997
2024-09-04,2024-09-04,2.24,-0.0299999999999998
2024-09-05,2024-09-05,2.19,-0.0500000000000002
2024-09-06,2024-09-06,2.2,0.0100000000000002
2024-09-09,2024-09-09,2.2,0.0
2024-09-10,2024-09-10,2.18,-0.02
2024-09-11,2024-09-11,2.18,0.0
2024-09-12,2024-09-12,2.17,-0.0100000000000002
2024-09-13,2024-09-13,2.21,0.04
2024-09-16,2024-09-16,2.24,0.0300000000000002
2024-09-17,2024-09-17,2.27,0.0299999999999998
2024-09-18,2024-09-18,2.26,-0.0100000000000002
2024-09-19,2024-09-19,2.3,0.04
2024-09-20,2024-09-20,2.28,-0.02
2024-09-23,2024-09-23,2.3,0.02
2024-09-24,2024-09-24,2.32,0.02
2024-09-25,2024-09-25,2.3,-0.02
2024-09-26,2024-09-26,2.29,-0.0099999999999997
2024-09-27,2024-09-27,2.27,-0.02
2024-09-30,2024-09-30,2.29,0.02
2024-10-01,2024-10-01,2.31,0.02
2024-10-02,2024-10-02,2.32,0.0099999999999997
2024-10-03,2024-10-03,2.31,-0.0099999999999997
2024-10-04,2024-10-04,2.32,0.0099999999999997
2024-10-07,2024-10-07,2.37,0.0500000000000002
2024-10-08,2024-10-08,2.37,0.0
2024-10-09,2024-10-09,2.37,0.0
2024-10-10,2024-10-10,2.4,0.0299999999999998
2024-10-11,2024-10-11,2.41,0.0100000000000002
2024-10-14,2024-10-14,2.38,-0.0300000000000002
2024-10-15,2024-10-15,2.34,-0.04
2024-10-16,2024-10-16,2.35,0.0100000000000002
2024-10-17,2024-10-17,2.38,0.0299999999999998
2024-10-18,2024-10-18,2.39,0.0100000000000002
2024-10-21,2024-10-21,2.39,0.0
2024-10-22,2024-10-22,2.41,0.02
2024-10-23,2024-10-23,2.39,-0.02
2024-10-24,2024-10-24,2.27,-0.1200000000000001
2024-10-25,2024-10-25,2.26,-0.0100000000000002
2024-10-28,2024-10-28,2.27,0.0100000000000002
2024-10-29,2024-10-29,2.27,0.0
2024-10-30,2024-10-30,2.31,0.04
2024-10-31,2024-10-31,2.28,-0.0300000000000002
2024-11-01,2024-11-01,2.29,0.0100000000000002
2024-11-04,2024-11-04,2.24,-0.0499999999999998
2024-11-05,2024-11-05,2.22,-0.02
2024-11-06,2024-11-06,2.3,0.0799999999999996
2024-11-07,2024-11-07,2.26,-0.04
2024-11-08,2024-11-08,2.27,0.0100000000000002
2024-11-11,2024-11-11,2.27,0.0
2024-11-12,2024-11-12,2.27,0.0
2024-11-13,2024-11-13,2.28,0.0099999999999997
2024-11-14,2024-11-14,2.26,-0.02
2024-11-15,2024-11-15,2.27,0.0100000000000002
2024-11-18,2024-11-18,2.27,0.0
2024-11-19,2024-11-19,2.27,0.0
2024-11-20,2024-11-20,2.27,0.0
2024-11-21,2024-11-21,2.26,-0.0100000000000002
2024-11-22,2024-11-22,2.25,-0.0099999999999997
2024-11-25,2024-11-25,2.23,-0.02
2024-11-26,2024-11-26,2.23,0.0
2024-11-27,2024-11-27,2.2,-0.0299999999999998
2024-11-28,2024-11-28,2.2,0.0
2024-11-29,2024-11-29,2.19,-0.0100000000000002
2024-12-02,2024-12-02,2.19,0.0
2024-12-03,2024-12-03,2.2,0.0100000000000002
2024-12-04,2024-12-04,2.21,0.0099999999999997
