Date,Open,High,Low,Close,vixCloseDiff
2019-12-05,14.46000004,15.36999989,14.17000008,14.52000046,
2019-12-06,14.36999989,14.47000027,13.18999958,13.61999989,-0.9000005699999996
2019-12-09,14.25,16.06999969,12.25,15.85999966,2.239999769999999
2019-12-10,15.80000019,16.89999962,14.93000031,15.68000031,-0.17999934999999923
2019-12-11,15.56999969,15.97000027,14.97999954,14.98999977,-0.6900005399999998
2019-12-12,14.93999958,15.55000019,13.60000038,13.93999958,-1.0500001900000004
2019-12-13,13.18000031,14.35000038,12.53999996,12.63000011,-1.309999470000001
2019-12-16,12.47000027,12.52999973,11.71000004,12.14000034,-0.48999976999999895
2019-12-17,12.22999954,12.47000027,11.89999962,12.28999996,0.1499996199999991
2019-12-18,12.23999977,12.69999981,11.93000031,12.57999992,0.28999996000000117
2019-12-19,12.55000019,12.77999973,12.43000031,12.5,-0.07999992000000056
2019-12-20,12.55000019,12.60999966,12.03999996,12.51000023,0.010000229999999277
2019-12-23,12.81000042,12.89999962,12.40999985,12.60999966,0.09999943000000044
2019-12-24,12.64999962,12.84000015,12.56000042,12.67000008,0.06000041999999972
2019-12-26,12.73999977,12.75,11.72000027,12.64999962,-0.02000046000000033
2019-12-27,12.60999966,13.72000027,11.89000034,13.43000031,0.7800006900000014
2019-12-30,13.73999977,15.14000034,13.43999958,14.81999969,1.389999379999999
2019-12-31,14.84000015,15.39000034,13.75,13.77999973,-1.0399999599999994
2020-01-02,13.46000004,13.72000027,12.42000008,12.47000027,-1.3099994600000002
2020-01-03,15.01000023,16.20000076,13.13000011,14.02000046,1.5500001900000004
2020-01-06,15.44999981,16.38999939,13.53999996,13.85000038,-0.17000007999999944
2020-01-07,13.84000015,14.46000004,13.39000034,13.78999996,-0.0600004200000015
2020-01-08,15.15999985,15.23999977,12.82999992,13.44999981,-0.34000014999999983
2020-01-09,12.94999981,13.23999977,12.52999973,12.53999996,-0.9099998500000002
2020-01-10,12.42000008,12.86999989,12.09000015,12.56000042,0.02000046000000033
2020-01-13,12.84000015,13.09000015,12.31999969,12.31999969,-0.24000073000000022
2020-01-14,12.72000027,13.81999969,12.05000019,12.39000034,0.07000065000000077
2020-01-15,12.78999996,12.82999992,11.94999981,12.42000008,0.029999739999999164
2020-01-16,12.19999981,12.42000008,11.77999973,12.31999969,-0.10000038999999994
2020-01-17,12.21000004,12.47999954,11.75,12.10000038,-0.21999930999999862
2020-01-21,13.22999954,13.32999992,12.31999969,12.85000038,0.75
2020-01-22,12.44999981,13.01000023,12.31000042,12.90999985,0.05999946999999928
2020-01-23,13.26000023,14.14999962,12.93999958,12.97999954,0.0699996899999995
2020-01-24,12.75,15.97999954,12.61999989,14.56000042,1.58000088
2020-01-27,17.42000008,19.02000046,16.81999969,18.22999954,3.6699991200000017
2020-01-28,16.94000053,18.03000069,15.68999958,16.28000069,-1.94999885
2020-01-29,15.68000031,16.64999962,14.93999958,16.38999939,0.10999869999999845
2020-01-30,17.81999969,18.38999939,15.30000019,15.48999977,-0.8999996199999991
2020-01-31,16.25,19.98999977,16.18000031,18.84000015,3.350000380000001
2020-02-03,18.63999939,18.87999916,17.10000038,17.96999931,-0.870000840000003
2020-02-04,16.45000076,16.45999908,15.63000011,16.04999924,-1.9200000700000004
2020-02-05,16.29000092,16.31999969,15.02000046,15.14999962,-0.8999996199999991
2020-02-06,15.13000011,15.65999985,14.69999981,14.96000004,-0.1899995799999985
2020-02-07,15.06999969,16.15999985,14.81000042,15.47000027,0.5100002299999993
2020-02-10,15.88000011,16.43000031,15.01000023,15.03999996,-0.4300003100000005
2020-02-11,14.90999985,15.27000046,14.38000011,15.18000031,0.1400003500000011
2020-02-12,14.85999966,14.88000011,13.72999954,13.73999977,-1.4400005399999998
2020-02-13,14.43000031,15.43999958,14.0,14.14999962,0.4099998499999984
2020-02-14,14.11999989,14.53999996,13.38000011,13.68000031,-0.4699993099999986
2020-02-18,14.97999954,15.48999977,14.52999973,14.82999992,1.14999961
2020-02-19,14.65999985,14.73999977,14.21000004,14.38000011,-0.44999981000000133
2020-02-20,14.53999996,17.20999908,14.48999977,15.56000042,1.1800003100000005
2020-02-21,17.32999992,18.20999908,16.19000053,17.07999992,1.519999499999999
2020-02-24,22.25,26.35000038,22.0,25.03000069,7.950000770000003
2020-02-25,23.28000069,30.25,22.62000084,27.85000038,2.8199996899999995
2020-02-26,26.62999916,29.56999969,24.76000023,27.55999947,-0.29000090999999983
2020-02-27,32.13999939,39.31000137,29.37000084,39.15999985,11.600000379999997
2020-02-28,42.02000046,49.47999954,39.36999893,40.11000061,0.9500007600000018
2020-03-02,38.54000092,40.40999985,31.5,33.41999817,-6.690002440000001
2020-03-03,33.65000153,41.06000137,24.93000031,36.81999969,3.4000015200000036
2020-03-04,34.43999863,35.58000183,30.29999924,31.98999977,-4.829999920000002
2020-03-05,33.61000061,42.84000015,33.54000092,39.61999893,7.629999160000001
2020-03-06,48.93000031,54.38999939,40.84000015,41.93999863,2.319999699999997
2020-03-09,41.93999863,62.11999893,41.93999863,54.45999908,12.520000450000005
2020-03-10,49.68000031,55.65999985,43.56000137,47.29999924,-7.159999840000005
2020-03-11,52.24000168,55.81999969,49.97999954,53.90000153,6.600002289999999
2020-03-12,61.45999908,76.83000183,59.90999985,75.47000122,21.569999690000003
2020-03-13,71.30999756,77.56999969,55.16999817,57.83000183,-17.63999939
2020-03-16,57.83000183,83.55999756,57.83000183,82.69000244,24.86000061
2020-03-17,82.69000244,84.83000183,70.37000275,75.91000366,-6.77999878
2020-03-18,69.37000275,85.47000122,69.37000275,76.44999695,0.5399932899999982
2020-03-19,80.62000275,84.26000214,68.56999969,72.0,-4.449996949999999
2020-03-20,67.86000061,69.51000214,57.41999817,66.04000092,-5.959999080000003
2020-03-23,74.08000183,76.73999786,60.45999908,61.59000015,-4.4500007699999955
2020-03-24,58.75999832,61.88000107,36.24000168,61.66999817,0.0799980199999979
2020-03-25,61.43999863,68.86000061,58.02999878,63.95000076,2.2800025900000023
2020-03-26,65.66999817,67.05999756,57.65999985,61.0,-2.9500007600000018
2020-03-27,64.94999695,69.09999847,61.79999924,65.54000092,4.540000919999997
2020-03-30,66.30000305,67.69000244,56.59999847,57.08000183,-8.459999089999997
2020-03-31,56.68999863,58.75,50.88000107,53.54000092,-3.5400009100000034
2020-04-01,57.38000107,60.59000015,52.75999832,57.06000137,3.520000450000005
2020-04-02,54.45999908,57.24000168,50.45000076,50.90999985,-6.1500015200000036
2020-04-03,51.11000061,52.29000092,46.74000168,46.79999924,-4.11000061
2020-04-06,44.16999817,45.72999954,43.45000076,45.24000168,-1.5599975599999993
2020-04-07,44.83000183,47.50999832,43.50999832,46.70000076,1.459999080000003
2020-04-08,45.90000153,47.27999878,42.52999878,43.34999847,-3.350002289999999
2020-04-09,43.0,45.72999954,41.38999939,41.66999817,-1.6800003000000032
2020-04-13,44.59999847,45.04000092,41.16999817,41.16999817,-0.5
2020-04-14,40.24000168,40.56999969,37.31000137,37.75999832,-3.4099998499999984
2020-04-15,42.56999969,43.22999954,40.04999924,40.84000015,3.0800018300000005
2020-04-16,41.91999817,43.02000046,39.86999893,40.11000061,-0.7299995400000014
2020-04-17,39.5,40.25999832,37.63000107,38.15000153,-1.959999080000003
2020-04-20,40.68000031,43.83000183,39.88000107,43.83000183,5.680000300000003
2020-04-21,44.27999878,47.77000046,43.77000046,45.40999985,1.579998019999998
2020-04-22,44.90999985,45.06999969,41.40999985,41.97999954,-3.430000309999997
2020-04-23,41.29999924,42.47000122,39.06000137,41.38000107,-0.5999984700000027
2020-04-24,38.79999924,40.16999817,35.59999847,35.93000031,-5.450000760000002
2020-04-27,36.29000092,36.43999863,32.50999832,33.29000092,-2.63999939
2020-04-28,33.20999908,35.38999939,30.54000092,33.56999969,0.27999877000000595
2020-04-29,32.47999954,33.18999863,30.70999908,31.22999954,-2.3400001500000016
2020-04-30,30.98999977,35.93999863,30.93000031,34.15000153,2.920001989999996
2020-05-01,38.16999817,39.56999969,36.59000015,37.18999863,3.039997100000001
2020-05-04,39.13000107,40.31999969,35.52999878,35.97000122,-1.2199974099999977
2020-05-05,34.81999969,36.22000122,31.95000076,33.61000061,-2.36000061
2020-05-06,32.68999863,35.68999863,31.68000031,34.11999893,0.5099983200000011
2020-05-07,32.11999893,32.27999878,30.37000084,31.44000053,-2.6799984000000023
2020-05-08,30.13999939,30.38999939,27.88999939,27.97999954,-3.4600009899999975
2020-05-11,28.45999908,31.45999908,26.96999931,27.56999969,-0.40999985000000194
2020-05-12,28.46999931,33.04000092,26.0,33.04000092,5.470001229999998
2020-05-13,32.74000168,37.41999817,30.77000046,35.27999878,2.2399978600000026
2020-05-14,35.15999985,39.27999878,32.33000183,32.61000061,-2.6699981699999995
2020-05-15,32.5,35.13000107,31.04000092,31.88999939,-0.7200012200000003
2020-05-18,30.70999908,31.07999992,28.35000038,29.29999924,-2.5900001500000016
2020-05-19,28.72999954,30.73999977,28.37000084,30.53000069,1.2300014500000032
2020-05-20,29.52000046,29.82999992,27.82999992,27.98999977,-2.5400009200000007
2020-05-21,28.96999931,30.20000076,27.67000008,29.53000069,1.5400009200000007
2020-05-22,31.36000061,31.54999924,28.03000069,28.15999985,-1.370000840000003
2020-05-26,27.71999931,28.57999992,27.18000031,28.01000023,-0.1499996199999991
2020-05-27,27.62000084,30.53000069,25.92000008,27.62000084,-0.38999938999999983
2020-05-28,27.81999969,29.88999939,27.43000031,28.59000015,0.9699993100000022
2020-05-29,29.29999924,30.15999985,27.29000092,27.51000023,-1.0799999200000023
2020-06-01,28.94000053,30.60000038,28.11000061,28.22999954,0.7199993100000022
2020-06-02,28.39999962,28.52000046,26.65999985,26.84000015,-1.3899993899999998
2020-06-03,26.75,26.97999954,25.04000092,25.65999985,-1.1800003000000032
2020-06-04,26.22999954,26.43000031,24.37999916,25.80999947,0.14999962000000266
2020-06-05,24.79000092,25.09000015,23.54000092,24.52000046,-1.2899990100000025
2020-06-08,25.55999947,25.97999954,24.64999962,25.80999947,1.2899990100000025
2020-06-09,25.93000031,27.70000076,25.70999908,27.56999969,1.7600002199999984
2020-06-10,26.72999954,29.01000023,26.05999947,27.56999969,0.0
2020-06-11,30.45000076,42.58000183,29.48999977,40.79000092,13.220001229999998
2020-06-12,37.68000031,44.15999985,34.97000122,36.09000015,-4.7000007699999955
2020-06-15,44.09000015,44.43999863,34.27999878,34.40000153,-1.6899986200000043
2020-06-16,34.27999878,37.45000076,31.72999954,33.66999817,-0.7300033599999978
2020-06-17,33.27999878,35.16999817,32.25,33.47000122,-0.19999694999999917
2020-06-18,33.83000183,36.25,32.24000168,32.93999863,-0.5300025900000023
2020-06-19,32.06999969,35.11999893,30.39999962,35.11999893,2.180000300000003
2020-06-22,35.22000122,35.38999939,31.63999939,31.77000046,-3.3499984700000027
2020-06-23,31.70999908,31.70999908,29.26000023,31.37000084,-0.3999996199999991
2020-06-24,31.04999924,37.11999893,30.95000076,33.84000015,2.469999310000002
2020-06-25,36.59000015,36.93000031,31.59000015,32.22000122,-1.6199989300000013
2020-06-26,33.00999832,36.25,31.04000092,34.72999954,2.509998320000001
2020-06-29,35.04999924,36.31000137,31.78000069,31.78000069,-2.94999885
2020-06-30,32.54000092,32.93999863,29.55999947,30.43000031,-1.3500003800000009
2020-07-01,30.95999908,31.76000023,28.20000076,28.62000084,-1.809999470000001
2020-07-02,28.32999992,28.44000053,25.89999962,27.68000031,-0.940000529999999
2020-07-06,27.76000023,28.32999992,24.92000008,27.94000053,0.26000021999999845
2020-07-07,28.77000046,29.62999916,27.25,29.43000031,1.4899997800000016
2020-07-08,28.95000076,30.20000076,27.23999977,28.07999992,-1.3500003900000017
2020-07-09,28.18000031,31.47999954,26.11000061,29.26000023,1.1800003100000005
2020-07-10,30.86000061,30.90999985,27.12999916,27.29000092,-1.9699993099999986
2020-07-13,27.85000038,32.45000076,26.87000084,32.18999863,4.899997709999997
2020-07-14,31.13999939,33.66999817,29.20999908,29.52000046,-2.6699981699999995
2020-07-15,29.14999962,30.09000015,27.17000008,27.76000023,-1.7600002299999993
2020-07-16,28.40999985,29.29000092,26.97999954,28.0,0.23999977000000072
2020-07-17,27.14999962,27.54000092,25.40999985,25.68000031,-2.3199996899999995
2020-07-20,26.94000053,27.07999992,24.35000038,24.45999908,-1.2200012300000012
2020-07-21,24.07999992,25.64999962,23.61000061,24.84000015,0.3800010700000023
2020-07-22,24.55999947,26.26000023,24.12999916,24.31999969,-0.5200004600000021
2020-07-23,23.96999931,26.95000076,23.60000038,26.07999992,1.7600002299999993
2020-07-24,27.95999908,28.57999992,25.53000069,25.84000015,-0.23999976999999717
2020-07-27,26.60000038,26.94000053,24.54999924,24.73999977,-1.1000003800000009
2020-07-28,24.86000061,25.85000038,24.04999924,25.44000053,0.7000007599999982
2020-07-29,25.15999985,25.42000008,23.72999954,24.10000038,-1.340000149999998
2020-07-30,25.04000092,28.29000092,24.63999939,24.76000023,0.6599998499999984
2020-07-31,24.79000092,26.40999985,23.54999924,24.45999908,-0.30000114999999994
2020-08-03,25.75,26.01000023,22.17000008,24.28000069,-0.17999838999999795
2020-08-04,24.01000023,24.76000023,22.92000008,23.76000023,-0.5200004600000021
2020-08-05,23.44000053,23.61000061,22.86000061,22.98999977,-0.7700004599999986
2020-08-06,23.03000069,24.11000061,20.96999931,22.64999962,-0.3400001500000016
2020-08-07,23.45000076,24.02000046,22.02000046,22.20999908,-0.4400005399999998
2020-08-10,22.87999916,23.52000046,21.45999908,22.12999916,-0.07999991999999878
2020-08-11,21.85000038,24.93000031,20.28000069,24.03000069,1.9000015300000008
2020-08-12,22.81999969,22.87999916,21.54000092,22.28000069,-1.75
2020-08-13,22.20000076,22.92000008,21.45000076,22.12999916,-0.15000153000000083
2020-08-14,22.27000046,23.54999924,21.79000092,22.04999924,-0.07999992000000233
2020-08-17,22.52000046,22.81999969,21.34000015,21.35000038,-0.6999988599999973
2020-08-18,21.69000053,22.54999924,21.18000031,21.51000023,0.1599998499999984
2020-08-19,21.60000038,22.97999954,20.98999977,22.54000092,1.0300006900000014
2020-08-20,24.10000038,24.60000038,22.37000084,22.71999931,0.17999838999999795
2020-08-21,22.57999992,24.46999931,22.05999947,22.54000092,-0.17999838999999795
2020-08-24,22.87000084,23.18000031,21.25,22.37000084,-0.17000008000000122
2020-08-25,22.15999985,23.43000031,21.53000069,22.03000069,-0.34000014999999806
2020-08-26,22.13999939,23.27000046,20.92000008,23.27000046,1.2399997699999972
2020-08-27,23.42000008,27.09000015,21.44000053,24.46999931,1.19999885
2020-08-28,24.59000015,26.29999924,22.63999939,22.95999908,-1.5100002299999993
2020-08-31,23.90999985,26.5,21.77000046,26.40999985,3.450000769999999
2020-09-01,25.86000061,26.59000015,25.02000046,26.12000084,-0.28999900999999895
2020-09-02,26.01000023,27.06999969,25.53000069,26.56999969,0.44999885000000006
2020-09-03,26.28000069,35.93999863,25.65999985,33.59999847,7.029998780000003
2020-09-04,34.61999893,38.27999878,29.5,30.75,-2.8499984700000027
2020-09-08,30.61000061,35.93000031,30.52000046,31.45999908,0.7099990799999993
2020-09-09,31.68000031,31.78000069,28.12000084,28.80999947,-2.6499996099999983
2020-09-10,28.67000008,30.55999947,27.59000015,29.70999908,0.8999996099999983
2020-09-11,28.62999916,29.72999954,26.51000023,26.87000084,-2.83999824
2020-09-14,25.86000061,26.79000092,25.37999916,25.85000038,-1.0200004599999986
2020-09-15,25.92000008,26.0,24.92000008,25.59000015,-0.2600002299999993
2020-09-16,25.30999947,26.59000015,24.84000015,26.04000092,0.45000076999999905
2020-09-17,28.21999931,28.92000008,26.26000023,26.45999908,0.4199981599999987
2020-09-18,26.64999962,28.10000038,25.28000069,25.82999992,-0.6299991600000006
2020-09-21,28.04000092,31.18000031,27.38999939,27.78000069,1.9500007700000026
2020-09-22,28.61000061,28.78000069,26.47999954,26.86000061,-0.9200000800000012
2020-09-23,27.02000046,29.72999954,25.19000053,28.57999992,1.7199993099999986
2020-09-24,29.54000092,30.48999977,27.94000053,28.51000023,-0.0699996899999995
2020-09-25,28.17000008,30.43000031,26.02000046,26.37999916,-2.1300010699999987
2020-09-28,27.14999962,27.19000053,24.89999962,26.19000053,-0.1899986300000016
2020-09-29,26.80999947,27.43000031,25.97999954,26.27000046,0.07999992999999961
2020-09-30,26.69000053,27.12000084,25.05999947,26.37000084,0.10000038000000089
2020-10-01,25.78000069,27.11000061,25.32999992,26.70000076,0.32999992000000233
2020-10-02,28.87000084,29.89999962,26.93000031,27.62999916,0.9299983999999988
2020-10-05,29.52000046,29.69000053,27.27000046,27.95999908,0.3299999199999988
2020-10-06,28.04999924,30.0,26.01000023,29.47999954,1.520000460000002
2020-10-07,29.26000023,29.76000023,27.94000053,28.05999947,-1.4200000700000004
2020-10-08,27.64999962,27.98999977,24.87999916,26.36000061,-1.6999988600000009
2020-10-09,26.20000076,26.21999931,24.03000069,25.0,-1.3600006100000002
2020-10-12,25.64999962,25.64999962,24.13999939,25.06999969,0.0699996899999995
2020-10-13,25.67000008,26.93000031,25.15999985,26.06999969,1.0
2020-10-14,25.71999931,27.22999954,25.53000069,26.39999962,0.3299999299999996
2020-10-15,27.10000038,29.05999947,26.81999969,26.96999931,0.5699996899999995
2020-10-16,27.15999985,27.45999908,26.19000053,27.40999985,0.4400005399999998
2020-10-19,27.36000061,29.69000053,27.04000092,29.18000031,1.770000460000002
2020-10-20,28.80999947,29.60000038,28.29000092,29.35000038,0.1700000700000004
2020-10-21,29.12000084,30.54999924,28.37000084,28.64999962,-0.7000007600000018
2020-10-22,30.10000038,30.12000084,27.68000031,28.11000061,-0.539999009999999
2020-10-23,28.46999931,28.67000008,27.26000023,27.54999924,-0.5600013700000019
2020-10-26,29.37999916,33.68000031,29.21999931,32.45999908,4.909999840000005
2020-10-27,32.04000092,33.77000046,31.85000038,33.34999847,0.8899993899999998
2020-10-28,34.68999863,40.77000046,34.68000031,40.27999878,6.930000309999997
2020-10-29,38.79999924,41.15999985,35.63000107,37.59000015,-2.689998629999998
2020-10-30,40.81000137,41.09000015,36.5,38.02000046,0.43000030999999694
2020-11-02,38.56999969,38.77999878,36.13000107,37.13000107,-0.8899993899999998
2020-11-03,36.43999863,36.43999863,34.18999863,35.54999924,-1.5800018300000005
2020-11-04,36.79000092,36.84999847,28.03000069,29.56999969,-5.979999549999999
2020-11-05,27.55999947,28.13999939,26.04000092,27.57999992,-1.9899997700000007
2020-11-06,27.87000084,29.44000053,24.55999947,24.86000061,-2.7199993099999986
2020-11-09,24.79999924,25.81999969,22.40999985,25.75,0.8899993899999998
2020-11-10,25.36000061,26.77000046,24.35000038,24.79999924,-0.9500007600000018
2020-11-11,25.01000023,25.12000084,22.56999969,23.45000076,-1.3499984799999964
2020-11-12,24.38999939,27.27000046,23.53000069,25.35000038,1.8999996199999991
2020-11-13,24.94000053,25.03000069,22.73999977,23.10000038,-2.25
2020-11-16,23.65999985,24.07999992,22.43000031,22.45000076,-0.6499996199999991
2020-11-17,22.84000015,24.09000015,22.34000015,22.70999908,0.25999831999999756
2020-11-18,22.86000061,23.92000008,21.65999985,23.84000015,1.1300010700000023
2020-11-19,23.62000084,24.52000046,22.55999947,23.11000061,-0.7299995400000014
2020-11-20,23.43000031,23.72999954,22.12999916,23.70000076,0.5900001500000016
2020-11-23,23.65999985,23.95999908,22.45000076,22.65999985,-1.0400009100000034
2020-11-24,22.04000092,22.47999954,20.79999924,21.63999939,-1.0200004599999986
2020-11-25,21.64999962,22.5,21.12999916,21.25,-0.38999938999999983
2020-11-27,21.52000046,21.60000038,19.51000023,20.84000015,-0.4099998499999984
2020-11-30,22.63999939,22.88999939,20.47999954,20.56999969,-0.2700004600000021
2020-12-01,20.20999908,20.92000008,20.0,20.77000046,0.20000076999999905
2020-12-02,21.0,21.25,20.04000092,21.17000008,0.39999962000000266
2020-12-03,21.23999977,21.87999916,20.71999931,21.28000069,0.11000061000000017
2020-12-04,21.04999924,21.14999962,19.96999931,20.79000092,-0.4899997700000007
2020-12-07,22.04000092,22.62000084,21.17000008,21.29999924,0.5099983199999976
2020-12-08,21.64999962,22.25,20.52000046,20.68000031,-0.6199989299999977
2020-12-09,20.65999985,22.93000031,20.10000038,22.27000046,1.590000149999998
2020-12-10,22.12000084,23.45999908,21.53000069,22.52000046,0.25
2020-12-11,22.48999977,25.13999939,22.47999954,23.30999947,0.7899990100000025
2020-12-14,22.67000008,24.81999969,21.95000076,24.71999931,1.4099998399999976
2020-12-15,24.0,24.06999969,22.72999954,22.88999939,-1.8299999199999988
2020-12-16,22.51000023,23.67000008,22.29000092,22.5,-0.38999938999999983
2020-12-17,21.97999954,22.27000046,21.52000046,21.93000031,-0.5699996899999995
2020-12-18,22.14999962,23.77000046,21.56999969,21.56999969,-0.360000620000001
2020-12-21,24.25,31.45999908,24.22999954,25.15999985,3.590000159999999
2020-12-22,25.23999977,25.55999947,23.53000069,24.22999954,-0.9300003099999969
2020-12-23,23.48999977,23.68000031,22.12999916,23.30999947,-0.9200000700000004
2020-12-24,22.46999931,22.82999992,21.38999939,21.53000069,-1.7799987799999997
2020-12-28,22.11000061,22.12000084,21.14999962,21.70000076,0.1700000700000004
2020-12-29,21.61000061,23.71999931,20.98999977,23.07999992,1.379999159999997
2020-12-30,22.57999992,23.14999962,22.40999985,22.77000046,-0.3099994600000002
2020-12-31,22.98999977,23.25,21.23999977,22.75,-0.020000459999998554
2021-01-04,23.04000092,29.19000053,22.55999947,26.96999931,4.219999309999999
2021-01-05,26.94000053,28.60000038,24.79999924,25.34000015,-1.629999159999997
2021-01-06,25.47999954,26.77000046,22.13999939,25.06999969,-0.2700004600000021
2021-01-07,23.67000008,23.90999985,22.25,22.37000084,-2.69999885
2021-01-08,22.43000031,23.34000015,21.42000008,21.55999947,-0.8100013699999984
2021-01-11,23.30999947,24.80999947,23.22999954,24.07999992,2.5200004499999977
2021-01-12,23.48999977,25.14999962,22.82999992,23.32999992,-0.75
2021-01-13,23.06999969,24.18000031,21.92000008,22.20999908,-1.1200008399999994
2021-01-14,22.21999931,23.46999931,21.65999985,23.25,1.0400009200000007
2021-01-15,23.52000046,25.79999924,23.07999992,24.34000015,1.0900001500000016
2021-01-19,23.03000069,23.55999947,22.53000069,23.23999977,-1.1000003800000009
2021-01-20,22.81999969,22.86000061,21.37000084,21.57999992,-1.659999850000002
2021-01-21,21.34000015,22.21999931,21.09000015,21.31999969,-0.2600002299999993
2021-01-22,22.23999977,23.72999954,21.27000046,21.90999985,0.5900001599999989
2021-01-25,22.30999947,26.62999916,22.20000076,23.19000053,1.2800006800000006
2021-01-26,23.90999985,23.94000053,22.54999924,23.02000046,-0.1700000700000004
2021-01-27,23.81999969,37.20999908,23.70999908,37.20999908,14.189998620000004
2021-01-28,33.25,36.29000092,27.38999939,30.20999908,-7.0000000000000036
2021-01-29,35.15999985,37.50999832,29.23999977,33.09000015,2.8800010700000023
2021-02-01,31.45000076,33.95999908,29.03000069,30.23999977,-2.850000380000001
2021-02-02,28.01000023,28.07999992,25.30999947,25.55999947,-4.6800003
2021-02-03,24.59000015,25.43000031,22.90999985,22.90999985,-2.6499996200000027
2021-02-04,23.44000053,23.44000053,21.68000031,21.77000046,-1.1399993899999998
2021-02-05,21.98999977,22.15999985,20.86000061,20.87000084,-0.8999996199999991
2021-02-08,21.88999939,22.06999969,21.22999954,21.23999977,0.3699989300000013
2021-02-09,21.56999969,22.26000023,20.64999962,21.62999916,0.38999938999999983
2021-02-10,21.63999939,23.85000038,19.69000053,21.98999977,0.36000061000000017
2021-02-11,22.09000015,23.25,21.11000061,21.25,-0.7399997700000007
2021-02-12,21.60000038,22.45000076,19.95000076,19.96999931,-1.2800006900000014
2021-02-16,21.12999916,22.45999908,20.87999916,21.45999908,1.4899997700000007
2021-02-17,22.02000046,23.44000053,21.09000015,21.5,0.04000092000000066
2021-02-18,21.97999954,24.22999954,21.79999924,22.48999977,0.9899997700000007
2021-02-19,23.10000038,23.19000053,20.84000015,22.04999924,-0.4400005300000025
2021-02-22,24.45999908,25.09000015,21.95999908,23.45000076,1.4000015200000036
2021-02-23,22.81999969,27.01000023,22.5,23.11000061,-0.3400001500000016
2021-02-24,23.76000023,25.04000092,21.30999947,21.34000015,-1.7700004599999986
2021-02-25,21.72999954,31.15999985,21.52000046,28.88999939,7.549999239999998
2021-02-26,28.72999954,30.81999969,25.22999954,27.95000076,-0.9399986299999981
2021-03-01,25.20000076,25.38999939,23.17000008,23.35000038,-4.600000380000001
2021-03-02,23.57999992,24.60000038,22.79999924,24.10000038,0.75
2021-03-03,22.79999924,26.79000092,22.45000076,26.67000008,2.5699997000000003
2021-03-04,26.52000046,31.89999962,24.93000031,28.56999969,1.8999996099999983
2021-03-05,29.47999954,30.03000069,24.32999992,24.65999985,-3.909999840000001
2021-03-08,27.61000061,28.38999939,24.06999969,25.46999931,0.8099994600000002
2021-03-09,25.11000061,25.25,22.89999962,24.03000069,-1.4399986199999972
2021-03-10,23.76000023,23.87000084,22.37999916,22.55999947,-1.4700012200000003
2021-03-11,22.5,22.5,21.45000076,21.90999985,-0.6499996200000027
2021-03-12,22.56999969,22.98999977,20.62999916,20.69000053,-1.2199993199999994
2021-03-15,21.84000015,21.86000061,19.87000084,20.03000069,-0.6599998399999976
2021-03-16,20.13999939,20.30999947,19.32999992,19.79000092,-0.23999977000000072
2021-03-17,20.10000038,20.95000076,19.18000031,19.22999954,-0.5600013799999992
2021-03-18,18.95000076,22.60000038,18.95000076,21.57999992,2.3500003799999973
2021-03-19,21.43000031,23.17000008,19.89999962,20.95000076,-0.629999159999997
2021-03-22,21.90999985,22.29000092,18.87000084,18.87999916,-2.070001600000001
2021-03-23,19.45999908,21.57999992,18.79999924,20.29999924,1.4200000799999977
2021-03-24,20.63999939,21.48999977,19.29999924,21.20000076,0.9000015200000036
2021-03-25,20.79999924,23.54999924,19.80999947,19.80999947,-1.3900012900000007
2021-03-26,19.31999969,21.48999977,18.68000031,18.86000061,-0.9499988600000009
2021-03-29,20.39999962,21.60000038,19.42000008,20.73999977,1.8799991600000006
2021-03-30,20.76000023,21.75,19.46999931,19.61000061,-1.1299991600000006
2021-03-31,19.79999924,20.11000061,18.85000038,19.39999962,-0.21000099000000105
2021-04-01,18.60000038,18.63999939,17.29000092,17.32999992,-2.0699997000000003
2021-04-05,18.15999985,18.39999962,17.35000038,17.90999985,0.5799999299999996
2021-04-06,18.06999969,18.29999924,17.37000084,18.12000084,0.21000099000000105
2021-04-07,17.98999977,18.17000008,16.87000084,17.15999985,-0.960000990000001
2021-04-08,16.92000008,17.36000061,16.54999924,16.95000076,-0.2099990899999966
2021-04-09,17.04999924,17.34000015,16.20000076,16.69000053,-0.26000023000000283
2021-04-12,17.43000031,17.90999985,16.80999947,16.90999985,0.21999931999999944
2021-04-13,16.98999977,17.86000061,16.43000031,16.64999962,-0.2600002299999993
2021-04-14,16.70999908,17.69000053,15.38000011,16.98999977,0.3400001500000016
2021-04-15,16.78000069,16.92000008,15.93999958,16.56999969,-0.4200000800000012
2021-04-16,16.64999962,16.87999916,16.04999924,16.25,-0.3199996899999995
2021-04-19,17.04000092,18.61000061,16.78000069,17.29000092,1.0400009200000007
2021-04-20,17.36000061,19.70000076,17.23999977,18.68000031,1.3899993899999998
2021-04-21,18.47999954,19.29000092,16.90999985,17.5,-1.1800003100000005
2021-04-22,17.28000069,19.89999962,16.98999977,18.70999908,1.2099990799999993
2021-04-23,18.55999947,18.78000069,16.79999924,17.32999992,-1.3799991600000006
2021-04-26,17.94000053,18.17000008,16.87000084,17.63999939,0.30999947000000105
2021-04-27,17.62000084,18.15999985,16.96999931,17.55999947,-0.07999991999999878
2021-04-28,17.46999931,17.84000015,16.67000008,17.28000069,-0.27999877999999967
2021-04-29,16.87999916,18.87000084,16.77000046,17.61000061,0.3299999199999988
2021-04-30,17.67000008,19.25,17.63999939,18.61000061,1.0
2021-05-03,18.64999962,19.12000084,17.79999924,18.30999947,-0.3000011399999991
2021-05-04,18.15999985,21.85000038,18.11000061,19.47999954,1.1700000700000004
2021-05-05,18.84000015,19.57999992,17.88999939,19.14999962,-0.32999992000000233
2021-05-06,18.40999985,20.60000038,18.20999908,18.38999939,-0.7600002299999993
2021-05-07,18.45000076,18.56999969,16.68000031,16.69000053,-1.6999988600000009
2021-05-10,17.34000015,19.75,17.06999969,19.65999985,2.9699993199999994
2021-05-11,21.17000008,23.72999954,20.70999908,21.84000015,2.180000300000003
2021-05-12,22.42000008,28.37999916,21.65999985,27.59000015,5.75
2021-05-13,26.03000069,28.93000031,22.22999954,23.12999916,-4.460000990000001
2021-05-14,21.77000046,22.10000038,18.65999985,18.80999947,-4.3199996899999995
2021-05-17,19.88999939,21.57999992,19.67000008,19.71999931,0.9099998399999976
2021-05-18,18.88999939,21.45000076,18.80999947,21.34000015,1.620000840000003
2021-05-19,22.45999908,25.95999908,21.87999916,22.18000031,0.8400001599999989
2021-05-20,22.32999992,23.5,20.19000053,20.67000008,-1.5100002299999993
2021-05-21,20.42000008,20.88999939,19.53000069,20.14999962,-0.5200004600000021
2021-05-24,20.5,20.51000023,18.37999916,18.39999962,-1.75
2021-05-25,18.35000038,19.29000092,16.87000084,18.84000015,0.4400005300000025
2021-05-26,18.37000084,18.92000008,17.35000038,17.36000061,-1.4799995400000014
2021-05-27,18.03000069,18.17000008,16.52000046,16.73999977,-0.6200008399999994
2021-05-28,16.79999924,16.86000061,15.89999962,16.76000023,0.020000459999998554
2021-06-01,17.23999977,18.53000069,15.68000031,17.89999962,1.1399993899999998
2021-06-02,17.86000061,18.30999947,16.73999977,17.47999954,-0.42000007999999767
2021-06-03,17.72999954,19.27000046,17.45000076,18.04000092,0.5600013799999992
2021-06-04,18.09000015,18.42000008,16.18000031,16.42000008,-1.6200008399999994
2021-06-07,17.34000015,17.35000038,15.77999973,16.42000008,0.0
2021-06-08,16.57999992,17.75,15.14999962,17.06999969,0.6499996099999983
2021-06-09,17.18000031,17.95999908,15.55000019,17.88999939,0.8199997000000003
2021-06-10,18.18000031,18.29000092,16.01000023,16.10000038,-1.789999009999999
2021-06-11,16.18000031,16.20000076,15.14999962,15.64999962,-0.4500007600000018
2021-06-14,16.04000092,17.04000092,15.03999996,16.38999939,0.7399997700000007
2021-06-15,16.27000046,17.35000038,16.13999939,17.02000046,0.6300010699999987
2021-06-16,16.98999977,19.11000061,16.42000008,18.14999962,1.1299991600000006
2021-06-17,18.48999977,19.21999931,16.70999908,17.75,-0.3999996199999991
2021-06-18,16.95999908,21.04000092,16.92000008,20.70000076,2.9500007600000018
2021-06-21,21.73999977,21.81999969,17.80999947,17.88999939,-2.810001370000002
2021-06-22,17.90999985,18.31999969,15.76000023,16.65999985,-1.2299995400000014
2021-06-23,16.25,16.84000015,14.85999966,16.31999969,-0.3400001599999989
2021-06-24,15.98999977,16.04999924,14.18999958,15.97000027,-0.3499994199999996
2021-06-25,16.04000092,16.17000008,15.21000004,15.61999989,-0.3500003799999991
2021-06-28,16.06999969,16.45999908,15.39000034,15.76000023,0.1400003399999985
2021-06-29,15.68999958,16.30999947,14.10000038,16.02000046,0.2600002299999993
2021-06-30,16.18000031,17.30999947,15.57999992,15.82999992,-0.190000539999998
2021-07-01,15.61999989,16.01000023,15.31000042,15.47999954,-0.3500003800000009
2021-07-02,15.52999973,15.53999996,14.25,15.06999969,-0.40999985000000017
2021-07-06,15.77000046,17.94000053,15.72999954,16.44000053,1.3700008399999994
2021-07-07,16.43000031,17.63999939,16.07999992,16.20000076,-0.23999976999999717
2021-07-08,17.73999977,21.29000092,17.73999977,19.0,2.7999992399999982
2021-07-09,17.87999916,18.12999916,16.07999992,16.18000031,-2.8199996899999995
2021-07-12,16.85000038,17.52000046,16.13999939,16.17000008,-0.010000229999999277
2021-07-13,16.38999939,17.22999954,15.93999958,17.12000084,0.9500007599999982
2021-07-14,17.34000015,17.51000023,15.94999981,16.32999992,-0.7900009200000007
2021-07-15,16.70000076,18.09000015,16.55999947,17.01000023,0.6800003100000005
2021-07-16,16.79999924,18.70000076,16.03000069,18.45000076,1.4400005300000025
2021-07-19,19.61000061,25.09000015,19.27000046,22.5,4.049999239999998
2021-07-20,20.88999939,22.96999931,19.37000084,19.72999954,-2.7700004599999986
2021-07-21,19.72999954,19.81999969,17.80999947,17.90999985,-1.819999690000003
2021-07-22,17.59000015,18.45000076,17.39999962,17.69000053,-0.21999931999999944
2021-07-23,16.97999954,17.47999954,16.32999992,17.20000076,-0.48999976999999717
2021-07-26,18.67000008,19.38999939,17.53000069,17.57999992,0.379999159999997
2021-07-27,18.62000084,20.44000053,18.25,19.36000061,1.7800006900000014
2021-07-28,19.40999985,19.62000084,17.52000046,18.30999947,-1.0500011399999991
2021-07-29,17.90999985,18.01000023,17.19000053,17.70000076,-0.6099987099999993
2021-07-30,19.69000053,19.71999931,17.53000069,18.23999977,0.539999009999999
2021-08-02,18.15999985,19.87000084,17.98999977,19.45999908,1.2199993099999986
2021-08-03,19.17000008,20.44000053,17.70000076,18.04000092,-1.4199981599999987
2021-08-04,18.22999954,18.89999962,17.67000008,17.96999931,-0.07000161000000205
2021-08-05,17.72999954,17.84000015,17.22999954,17.28000069,-0.6899986199999972
2021-08-06,17.45999908,17.5,16.13999939,16.14999962,-1.1300010700000023
2021-08-09,17.12000084,17.38999939,16.59000015,16.71999931,0.5699996899999995
2021-08-10,16.81999969,17.04999924,16.34000015,16.79000092,0.07000161000000205
2021-08-11,16.80999947,17.09000015,16.06999969,16.17000008,-0.6200008399999994
2021-08-12,16.32999992,16.42000008,15.48999977,15.59000015,-0.5799999300000014
2021-08-13,15.68000031,15.72000027,15.18999958,15.44999981,-0.14000034000000028
2021-08-16,17.04999924,17.70999908,16.02000046,16.12000084,0.6700010299999999
2021-08-17,17.30999947,19.55999947,16.70999908,17.90999985,1.789999009999999
2021-08-18,17.55999947,21.63999939,17.30999947,21.56999969,3.659999840000001
2021-08-19,23.12000084,24.73999977,20.37000084,21.67000008,0.10000039000000172
2021-08-20,22.73999977,23.89999962,18.18000031,18.55999947,-3.11000061
2021-08-23,18.82999992,18.95000076,16.95000076,17.14999962,-1.409999850000002
2021-08-24,16.95999908,17.51000023,16.94000053,17.21999931,0.0699996899999995
2021-08-25,17.42000008,17.5,16.45999908,16.79000092,-0.42999838999999795
2021-08-26,17.45999908,19.27000046,17.15999985,18.84000015,2.049999230000001
2021-08-27,17.95000076,18.21999931,16.11000061,16.38999939,-2.4500007600000018
2021-08-30,16.77000046,16.79999924,15.97999954,16.19000053,-0.1999988600000009
2021-08-31,15.97999954,17.06999969,15.90999985,16.47999954,0.2899990100000025
2021-09-01,16.05999947,16.70999908,15.68000031,16.11000061,-0.3699989300000013
2021-09-02,16.27000046,16.97999954,15.72999954,16.40999985,0.2999992399999982
2021-09-03,16.27000046,17.05999947,16.07999992,16.40999985,0.0
2021-09-07,16.94000053,18.38999939,16.88999939,18.13999939,1.7299995400000014
2021-09-08,18.96999931,19.63999939,17.78000069,17.95999908,-0.1800003100000005
2021-09-09,19.44000053,19.54000092,17.17000008,18.79999924,0.8400001599999989
2021-09-10,17.94000053,21.12999916,16.98999977,20.95000076,2.1500015200000036
2021-09-13,19.63999939,21.18000031,18.76000023,19.37000084,-1.5799999200000023
2021-09-14,19.57999992,20.46999931,18.38999939,19.45999908,0.0899982399999999
2021-09-15,19.29999924,20.27000046,18.01000023,18.18000031,-1.2799987699999988
2021-09-16,18.40999985,19.76000023,17.64999962,18.69000053,0.5100002199999984
2021-09-17,18.37000084,21.51000023,18.35000038,20.80999947,2.119998940000002
2021-09-20,24.25,28.79000092,23.89999962,25.70999908,4.899999609999998
2021-09-21,23.40999985,25.60000038,21.70999908,24.36000061,-1.3499984699999992
2021-09-22,22.71999931,23.39999962,20.75,20.87000084,-3.4899997700000007
2021-09-23,19.90999985,20.20999908,18.42000008,18.62999916,-2.240001679999999
2021-09-24,19.32999992,20.40999985,17.62999916,17.75,-0.8799991600000006
2021-09-27,17.78000069,19.31999969,17.73999977,18.76000023,1.0100002299999993
2021-09-28,19.73999977,24.81999969,19.70999908,23.25,4.489999770000001
2021-09-29,22.06999969,23.79000092,21.45000076,22.55999947,-0.690000529999999
2021-09-30,21.47999954,24.70999908,20.60000038,23.13999939,0.5799999199999988
2021-10-01,24.78000069,24.88999939,20.85000038,21.10000038,-2.039999009999999
2021-10-04,22.89999962,24.57999992,21.87999916,22.95999908,1.8599986999999985
2021-10-05,22.92000008,23.17000008,20.62000084,21.29999924,-1.6599998400000011
2021-10-06,22.95000076,24.39999962,20.98999977,21.0,-0.2999992399999982
2021-10-07,20.54000092,20.76000023,19.06999969,19.54000092,-1.4599990799999993
2021-10-08,19.45999908,19.94000053,18.20000076,18.77000046,-0.7700004600000021
2021-10-11,19.93000031,20.45000076,18.11000061,20.0,1.2299995400000014
2021-10-12,20.62000084,20.80999947,18.96999931,19.85000038,-0.1499996199999991
2021-10-13,20.13999939,20.22999954,18.44000053,18.63999939,-1.210000990000001
2021-10-14,18.01000023,18.07999992,16.79999924,16.86000061,-1.7799987799999997
2021-10-15,16.63999939,16.85000038,15.72000027,16.29999924,-0.5600013700000019
2021-10-18,17.29000092,17.93000031,16.27000046,16.30999947,0.01000023000000283
2021-10-19,16.09000015,16.30999947,15.56999969,15.69999981,-0.6099996600000015
2021-10-20,15.81999969,15.89000034,15.28999996,15.48999977,-0.21000003999999883
2021-10-21,16.05999947,16.11000061,14.92000008,15.01000023,-0.47999954000000145
2021-10-22,15.35000038,16.38999939,14.84000015,15.43000031,0.4200000800000012
2021-10-25,16.13999939,16.32999992,15.10000038,15.23999977,-0.19000053999999977
2021-10-26,15.02000046,16.70999908,14.89999962,15.97999954,0.739999769999999
2021-10-27,15.78999996,17.29000092,15.53999996,16.97999954,1.0000000000000018
2021-10-28,17.05999947,17.15999985,16.22999954,16.53000069,-0.44999885000000006
2021-10-29,17.39999962,18.05999947,16.12999916,16.26000023,-0.2700004600000021
2021-11-01,16.85000038,17.70000076,16.31999969,16.40999985,0.1499996199999991
2021-11-02,16.54000092,16.64999962,15.89000034,16.03000069,-0.379999159999997
2021-11-03,16.11000061,16.38999939,14.89999962,15.10000038,-0.9300003100000005
2021-11-04,15.06000042,16.13999939,14.72999954,15.43999958,0.3399991999999994
2021-11-05,15.59000015,17.02000046,14.94999981,16.47999954,1.0399999600000012
2021-11-08,17.22999954,17.69000053,16.44000053,17.21999931,0.7399997699999972
2021-11-09,17.43000031,18.56999969,17.20999908,17.78000069,0.5600013800000028
2021-11-10,17.73999977,19.89999962,17.21999931,18.72999954,0.9499988500000001
2021-11-11,18.34000015,18.38999939,17.27000046,17.65999985,-1.069999690000003
2021-11-12,17.48999977,17.69000053,16.14999962,16.29000092,-1.3699989299999977
2021-11-15,17.03000069,17.45999908,16.48999977,16.48999977,0.19999885000000006
2021-11-16,16.86000061,17.07999992,16.03000069,16.37000084,-0.11999893000000128
2021-11-17,16.36000061,17.19000053,16.28000069,17.11000061,0.7399997700000007
2021-11-18,16.80999947,18.14999962,16.37999916,17.59000015,0.47999954000000145
2021-11-19,17.36000061,19.01000023,17.22999954,17.90999985,0.3199996999999968
2021-11-22,18.20000076,19.59000015,17.35000038,19.17000008,1.2600002300000028
2021-11-23,20.23999977,20.90999985,19.03000069,19.37999916,0.20999907999999934
2021-11-24,19.17000008,20.95999908,18.52000046,18.57999992,-0.7999992400000018
2021-11-26,26.62000084,28.98999977,23.87999916,28.62000084,10.04000092
2021-11-29,25.30999947,25.69000053,21.70999908,22.95999908,-5.66000176
2021-11-30,26.22999954,28.55999947,23.70999908,27.19000053,4.23000145
2021-12-01,24.92000008,32.61000061,22.37999916,31.12000084,3.9300003100000005
2021-12-02,29.44000053,30.68000031,27.14999962,27.95000076,-3.1700000799999977
2021-12-03,26.95000076,35.31999969,25.88999939,30.67000008,2.7199993199999994
2021-12-06,28.98999977,30.81999969,26.75,27.18000031,-3.4899997700000007
2021-12-07,24.57999992,24.69000053,21.57999992,21.88999939,-5.290000920000001
2021-12-08,21.73999977,23.11000061,19.85000038,19.89999962,-1.9899997700000007
2021-12-09,20.30999947,22.12000084,19.94000053,21.57999992,1.6800002999999997
2021-12-10,21.27000046,21.29999924,18.69000053,18.69000053,-2.88999939
2021-12-13,19.29000092,21.18000031,18.95999908,20.30999947,1.619998940000002
2021-12-14,19.67000008,23.0,19.67000008,21.88999939,1.5799999199999988
2021-12-15,21.60000038,23.46999931,19.02000046,19.29000092,-2.599998469999999
2021-12-16,18.55999947,22.12999916,18.19000053,20.56999969,1.2799987699999988
2021-12-17,20.70000076,23.26000023,20.48999977,21.56999969,1.0
2021-12-20,25.88999939,27.38999939,22.85000038,22.87000084,1.30000115
2021-12-21,22.28000069,22.68000031,20.89999962,21.01000023,-1.8600006100000002
2021-12-22,21.04000092,21.36000061,18.59000015,18.62999916,-2.3800010699999987
2021-12-23,18.80999947,18.93000031,17.62000084,17.95999908,-0.6700000800000012
2021-12-27,19.37000084,19.40999985,17.54999924,17.68000031,-0.27999876999999884
2021-12-28,17.78000069,18.46999931,17.51000023,17.54000092,-0.13999938999999983
2021-12-29,17.62999916,18.0,16.70999908,16.95000076,-0.5900001599999989
2021-12-30,17.29999924,17.79000092,16.62000084,17.32999992,0.379999159999997
2021-12-31,17.62999916,18.27000046,16.98999977,17.21999931,-0.11000061000000017
2022-01-03,17.60000038,18.54000092,16.55999947,16.60000038,-0.6199989299999977
2022-01-04,16.56999969,17.80999947,16.34000015,16.90999985,0.3099994699999975
2022-01-05,17.06999969,20.17000008,16.57999992,19.72999954,2.819999690000003
2022-01-06,20.29000092,21.05999947,19.07999992,19.61000061,-0.11999893000000128
2022-01-07,19.85000038,20.79999924,18.56999969,18.76000023,-0.8500003800000009
2022-01-10,19.57999992,23.32999992,19.29000092,19.39999962,0.6399993899999998
2022-01-11,19.62000084,21.0,18.20000076,18.40999985,-0.9899997700000007
2022-01-12,18.17000008,18.69000053,17.36000061,17.62000084,-0.789999009999999
2022-01-13,18.05999947,20.61000061,17.45000076,20.30999947,2.6899986300000016
2022-01-14,20.11000061,22.06999969,19.04999924,19.19000053,-1.119998940000002
2022-01-18,21.18000031,23.20000076,21.18000031,22.79000092,3.6000003900000017
2022-01-19,23.12000084,23.98999977,21.85000038,23.85000038,1.0599994600000002
2022-01-20,23.45999908,25.88999939,21.68000031,25.59000015,1.7399997700000007
2022-01-21,25.37999916,29.79000092,25.30999947,28.85000038,3.2600002299999993
2022-01-24,28.20000076,38.93999863,28.02000046,29.89999962,1.0499992399999982
2022-01-25,32.29000092,35.84999847,29.12999916,31.15999985,1.2600002299999993
2022-01-26,29.35000038,33.04000092,26.89999962,31.95999908,0.799999230000001
2022-01-27,32.18999863,33.0,28.42000008,30.48999977,-1.4699993099999986
2022-01-28,30.27000046,32.81999969,27.28000069,27.65999985,-2.8299999200000023
2022-01-31,28.36000061,29.40999985,24.70999908,24.82999992,-2.8299999299999996
2022-02-01,24.56999969,25.32999992,21.95999908,21.95999908,-2.8700008399999994
2022-02-02,21.55999947,22.72999954,20.45999908,22.09000015,0.13000107000000227
2022-02-03,22.62999916,25.80999947,22.29999924,24.35000038,2.2600002299999993
2022-02-04,23.77000046,26.26000023,22.06999969,23.21999931,-1.1300010700000023
2022-02-07,24.09000015,24.81999969,22.02000046,22.86000061,-0.35999869999999845
2022-02-08,23.09000015,23.47999954,21.31999969,21.44000053,-1.4200000800000012
2022-02-09,21.27000046,21.29999924,19.93000031,19.95999908,-1.4800014499999996
2022-02-10,20.37000084,24.77000046,20.18000031,23.90999985,3.950000769999999
2022-02-11,24.38999939,30.98999977,23.32999992,27.36000061,3.4500007600000018
2022-02-14,29.17000008,32.04000092,28.32999992,28.32999992,0.9699993099999986
2022-02-15,28.09000015,28.09000015,25.32999992,25.70000076,-2.629999159999997
2022-02-16,25.19000053,27.09000015,23.87999916,24.29000092,-1.4099998400000011
2022-02-17,24.82999992,28.37000084,24.76000023,28.11000061,3.8199996899999995
2022-02-18,26.65999985,29.70999908,26.37999916,27.75,-0.36000061000000017
2022-02-22,31.79999924,32.04000092,28.39999962,28.80999947,1.059999470000001
2022-02-23,28.04000092,31.06999969,27.20000076,31.02000046,2.2100009899999975
2022-02-24,37.5,37.79000092,29.45000076,30.31999969,-0.700000769999999
2022-02-25,31.68000031,32.0,26.93000031,27.59000015,-2.729999539999998
2022-02-28,32.43999863,33.50999832,28.43000031,30.14999962,2.5599994699999975
2022-03-01,29.45000076,35.18999863,29.44000053,33.31999969,3.170000070000004
2022-03-02,34.20000076,34.40999985,30.12000084,30.73999977,-2.5799999200000023
2022-03-03,30.52000046,32.00999832,29.30999947,30.47999954,-0.2600002299999993
2022-03-04,31.89999962,34.65000153,31.46999931,31.97999954,1.5
2022-03-07,35.88000107,36.54999924,32.59000015,36.45000076,4.47000122
2022-03-08,36.18999863,37.52000046,32.77999878,35.13000107,-1.319999690000003
2022-03-09,33.74000168,34.11999893,31.38999939,32.45000076,-2.680000309999997
2022-03-10,33.02999878,34.02999878,30.22999954,30.22999954,-2.2200012200000003
2022-03-11,30.43000031,31.04000092,28.84000015,30.75,0.5200004599999986
2022-03-14,31.03000069,33.18000031,30.05999947,31.77000046,1.0200004599999986
2022-03-15,33.13000107,33.83000183,29.56999969,29.82999992,-1.9400005399999998
2022-03-16,29.02000046,29.79999924,26.29000092,26.67000008,-3.1599998399999976
2022-03-17,26.51000023,27.46999931,25.25,25.67000008,-1.0
2022-03-18,26.36000061,26.81999969,23.85000038,23.87000084,-1.7999992400000018
2022-03-21,25.13999939,25.36000061,22.98999977,23.53000069,-0.34000014999999806
2022-03-22,24.02000046,24.02000046,22.70000076,22.94000053,-0.5900001600000024
2022-03-23,23.04000092,24.03000069,22.63999939,23.56999969,0.6299991600000006
2022-03-24,23.61000061,23.79000092,21.48999977,21.67000008,-1.8999996099999983
2022-03-25,21.87000084,22.86000061,20.79999924,20.80999947,-0.8600006100000002
2022-03-28,22.13999939,23.32999992,19.54000092,19.62999916,-1.1800003100000005
2022-03-29,19.70000076,19.72999954,18.67000008,18.89999962,-0.7299995400000014
2022-03-30,19.37999916,20.51000023,18.71999931,19.32999992,0.43000029999999967
2022-03-31,19.68000031,21.47999954,19.54000092,20.55999947,1.2299995500000023
2022-04-01,20.62000084,20.86000061,19.40999985,19.62999916,-0.9300003100000005
2022-04-04,20.75,20.78000069,18.45000076,18.56999969,-1.059999470000001
2022-04-05,18.79000092,21.56999969,18.54999924,21.03000069,2.460001000000002
2022-04-06,21.27000046,24.78000069,21.23999977,22.10000038,1.0699996899999995
2022-04-07,21.96999931,23.81999969,21.12000084,21.54999924,-0.5500011400000027
2022-04-08,21.25,22.34000015,20.28000069,21.15999985,-0.38999938999999983
2022-04-11,23.09000015,24.42000008,22.09000015,24.37000084,3.210000990000001
2022-04-12,24.94000053,25.37999916,22.27000046,24.26000023,-0.11000061000000017
2022-04-13,23.52000046,24.45000076,21.37000084,21.81999969,-2.4400005399999998
2022-04-14,21.71999931,22.70000076,20.85000038,22.70000076,0.8800010700000023
2022-04-18,24.52000046,24.60000038,21.97999954,22.17000008,-0.5300006800000006
2022-04-19,22.54999924,22.92000008,20.36000061,21.37000084,-0.7999992400000018
2022-04-20,21.12999916,21.31999969,19.75,20.31999969,-1.05000115
2022-04-21,20.23999977,23.28000069,19.80999947,22.68000031,2.360000620000001
2022-04-22,22.70999908,28.27000046,22.62000084,28.20999908,5.529998769999999
2022-04-25,30.04000092,31.60000038,26.79999924,27.02000046,-1.1899986200000008
2022-04-26,27.37999916,33.81000137,27.05999947,33.52000046,6.5
2022-04-27,31.11000061,32.77000046,29.81999969,31.60000038,-1.9200000799999977
2022-04-28,29.90999985,32.0,28.0,29.98999977,-1.6100006100000002
2022-04-29,28.96999931,34.34000015,28.54000092,33.40000153,3.4100017599999966
2022-05-02,33.34999847,36.63999939,31.73999977,32.34000015,-1.0600013799999957
2022-05-03,31.76000023,32.81999969,29.05999947,29.25,-3.0900001500000016
2022-05-04,29.12000084,29.42000008,24.94000053,25.42000008,-3.829999919999999
2022-05-05,25.96999931,33.20000076,25.78000069,31.20000076,5.780000680000001
2022-05-06,32.22999954,35.34000015,29.82999992,30.19000053,-1.0100002300000028
2022-05-09,31.89999962,35.47999954,31.89999962,34.75,4.559999470000001
2022-05-10,33.65999985,34.84000015,32.24000168,32.99000168,-1.7599983200000011
2022-05-11,32.86999893,34.38999939,30.69000053,32.56000137,-0.43000030999999694
2022-05-12,33.74000168,34.75999832,31.70000076,31.77000046,-0.7900009100000034
2022-05-13,31.09000015,31.20000076,28.78000069,28.87000084,-2.899999619999999
2022-05-16,30.01000023,30.22999954,27.36000061,27.46999931,-1.4000015300000008
2022-05-17,27.06999969,27.17000008,25.51000023,26.10000038,-1.3699989299999977
2022-05-18,26.73999977,31.48999977,26.20999908,30.95999908,4.8599986999999985
2022-05-19,31.23999977,33.11000061,29.05999947,29.35000038,-1.6099986999999985
2022-05-20,28.78000069,32.90999985,28.05999947,29.43000031,0.07999992999999961
2022-05-23,28.97999954,30.38999939,28.29000092,28.47999954,-0.950000769999999
2022-05-24,29.43000031,31.06999969,29.04000092,29.45000076,0.9700012200000003
2022-05-25,29.32999992,30.22999954,28.15999985,28.37000084,-1.0799999200000023
2022-05-26,28.42000008,28.45999908,27.11000061,27.5,-0.8700008399999994
2022-05-27,27.5,27.54000092,25.56999969,25.71999931,-1.7800006900000014
2022-05-31,27.46999931,28.35000038,25.94000053,26.19000053,0.47000122000000033
2022-06-01,26.04999924,27.72999954,25.37999916,25.69000053,-0.5
2022-06-02,25.72999954,26.5,24.32999992,24.71999931,-0.9700012200000003
2022-06-03,24.90999985,25.95999908,24.76000023,24.79000092,0.07000161000000205
2022-06-06,25.37000084,25.80999947,24.81999969,25.06999969,0.27999876999999884
2022-06-07,25.54000092,26.23999977,23.87999916,24.02000046,-1.049999230000001
2022-06-08,24.37000084,24.78000069,23.73999977,23.95999908,-0.060001379999999216
2022-06-09,24.29000092,26.23999977,23.81999969,26.09000015,2.1300010700000023
2022-06-10,26.26000023,29.62999916,26.04999924,27.75,1.6599998499999984
2022-06-13,31.37000084,35.04999924,31.29000092,34.02000046,6.2700004599999986
2022-06-14,33.00999832,34.0,32.06000137,32.68999863,-1.3300018300000005
2022-06-15,32.38999939,32.77000046,27.76000023,29.62000084,-3.0699977899999986
2022-06-16,30.35000038,34.81999969,30.35000038,32.95000076,3.3299999200000023
2022-06-17,32.84000015,33.31000137,30.46999931,31.12999916,-1.8200016000000012
2022-06-21,30.62999916,30.64999962,29.32999992,30.19000053,-0.9399986300000016
2022-06-22,31.45000076,31.56999969,28.78000069,28.95000076,-1.2399997699999972
2022-06-23,29.29000092,29.77000046,28.73999977,29.04999924,0.09999847999999645
2022-06-24,29.06999969,29.71999931,26.82999992,27.22999954,-1.8199996999999968
2022-06-27,28.29999924,28.65999985,26.93000031,26.95000076,-0.27999877999999967
2022-06-28,26.89999962,28.68000031,26.46999931,28.36000061,1.4099998499999984
2022-06-29,28.79999924,29.36000061,27.85000038,28.15999985,-0.20000076000000178
2022-06-30,29.42000008,30.21999931,28.28000069,28.70999908,0.549999230000001
2022-07-01,29.53000069,29.59000015,26.69000053,26.70000076,-2.0099983199999976
2022-07-05,27.37000084,29.81999969,27.29999924,27.54000092,0.8400001599999989
2022-07-06,27.84000015,28.06999969,26.43000031,26.72999954,-0.8100013799999992
2022-07-07,26.72999954,26.79000092,25.65999985,26.07999992,-0.6499996200000027
2022-07-08,26.40999985,26.61000061,24.43000031,24.63999939,-1.440000529999999
2022-07-11,26.42000008,26.73999977,25.79000092,26.17000008,1.5300006900000014
2022-07-12,27.13999939,27.75,25.81999969,27.29000092,1.1200008399999994
2022-07-13,27.35000038,29.05999947,26.22999954,26.81999969,-0.47000123000000116
2022-07-14,27.46999931,28.45000076,26.20000076,26.39999962,-0.4200000700000004
2022-07-15,26.71999931,26.71999931,24.12999916,24.22999954,-2.1700000799999977
2022-07-18,24.82999992,25.90999985,24.37999916,25.29999924,1.0699996999999968
2022-07-19,25.12000084,25.40999985,24.22999954,24.5,-0.7999992399999982
2022-07-20,24.22999954,24.72999954,23.39999962,23.87999916,-0.6200008399999994
2022-07-21,24.06999969,24.67000008,22.92000008,23.11000061,-0.7699985500000004
2022-07-22,23.29999924,23.80999947,22.40999985,23.03000069,-0.07999991999999878
2022-07-25,24.32999992,24.56999969,23.19000053,23.36000061,0.3299999199999988
2022-07-26,23.95000076,25.30999947,23.81999969,24.69000053,1.3299999199999988
2022-07-27,24.27000046,24.40999985,23.02000046,23.23999977,-1.4500007599999982
2022-07-28,23.32999992,23.54000092,22.21999931,22.32999992,-0.9099998500000019
2022-07-29,22.12999916,22.15999985,21.20999908,21.32999992,-1.0
2022-08-01,22.40999985,23.27000046,22.26000023,22.84000015,1.5100002300000028
2022-08-02,24.07999992,24.68000031,22.67000008,23.93000031,1.0900001599999989
2022-08-03,23.86000061,23.92000008,21.68000031,21.95000076,-1.9799995499999987
2022-08-04,22.05999947,22.65999985,21.44000053,21.44000053,-0.5100002300000028
2022-08-05,21.5,22.57999992,20.76000023,21.14999962,-0.29000090999999983
2022-08-08,21.73999977,22.01000023,20.82999992,21.29000092,0.14000130000000155
2022-08-09,21.40999985,22.22999954,21.40999985,21.77000046,0.4799995399999979
2022-08-10,22.28000069,22.34000015,19.54000092,19.73999977,-2.030000689999998
2022-08-11,19.84000015,20.85000038,19.70999908,20.20000076,0.46000099000000105
2022-08-12,20.34000015,20.35000038,19.12000084,19.53000069,-0.6700000700000004
2022-08-15,20.73999977,21.15999985,19.80999947,19.95000076,0.4200000700000004
2022-08-16,20.22999954,20.38999939,19.5,19.69000053,-0.26000023000000283
2022-08-17,19.73999977,20.62999916,19.40999985,19.89999962,0.20999909000000017
2022-08-18,20.51000023,20.61000061,19.43000031,19.55999947,-0.34000014999999806
2022-08-19,20.15999985,21.27000046,20.07999992,20.60000038,1.0400009099999998
2022-08-22,22.40999985,24.62000084,22.38999939,23.79999924,3.1999988599999973
2022-08-23,24.12999916,24.20999908,23.06999969,24.11000061,0.31000137000000194
2022-08-24,24.37000084,24.86000061,22.72999954,22.81999969,-1.2900009200000007
2022-08-25,22.40999985,23.12999916,21.77000046,21.78000069,-1.0399989999999981
2022-08-26,22.06999969,25.89999962,21.67000008,25.55999947,3.7799987799999997
2022-08-29,26.86000061,27.67000008,25.46999931,26.20999908,0.6499996099999983
2022-08-30,25.75,27.69000053,25.12999916,26.20999908,0.0
2022-08-31,25.86000061,26.62000084,25.30999947,25.87000084,-0.3399982399999999
2022-09-01,26.87999916,27.45000076,25.25,25.55999947,-0.3100013699999984
2022-09-02,25.51000023,26.28000069,23.19000053,25.46999931,-0.09000016000000244
2022-09-06,25.45999908,27.79999924,25.32999992,26.90999985,1.4400005399999998
2022-09-07,26.93000031,27.14999962,24.54000092,24.63999939,-2.2700004599999986
2022-09-08,24.70000076,25.89999962,23.55999947,23.61000061,-1.0299987799999997
2022-09-09,23.48999977,23.56999969,22.63999939,22.79000092,-0.8199996899999995
2022-09-12,23.57999992,24.22999954,23.15999985,23.87000084,1.0799999199999988
2022-09-13,23.67000008,28.14999962,23.53000069,27.27000046,3.399999619999999
2022-09-14,26.72999954,27.55999947,26.15999985,26.15999985,-1.1100006100000002
2022-09-15,26.10000038,26.93000031,25.42000008,26.27000046,0.11000061000000017
2022-09-16,27.46999931,28.45000076,26.13999939,26.29999924,0.02999877999999967
2022-09-19,27.69000053,27.95000076,25.55999947,25.76000023,-0.539999009999999
2022-09-20,25.64999962,27.80999947,25.61000061,27.15999985,1.3999996199999991
2022-09-21,28.03000069,30.18000031,25.54999924,27.98999977,0.8299999200000023
2022-09-22,28.15999985,28.37999916,26.70999908,27.35000038,-0.6399993899999998
2022-09-23,27.68000031,32.31000137,27.57999992,29.92000008,2.5699997000000003
2022-09-26,31.73999977,32.88000107,29.82999992,32.25999832,2.33999824
2022-09-27,31.20000076,34.13999939,30.29999924,32.59999847,0.3400001500000016
2022-09-28,34.5,34.88000107,30.03000069,30.18000031,-2.4199981600000022
2022-09-29,31.67000008,33.45999908,31.15999985,31.84000015,1.6599998400000011
2022-09-30,31.61000061,33.25,29.38999939,31.62000084,-0.21999931000000217
2022-10-03,33.0,33.06000137,29.62999916,30.10000038,-1.5200004599999986
2022-10-04,29.52000046,29.62000084,28.55999947,29.06999969,-1.0300006900000014
2022-10-05,29.36000061,30.11000061,28.5,28.54999924,-0.5200004500000013
2022-10-06,28.60000038,30.73999977,28.55999947,30.52000046,1.9700012200000003
2022-10-07,30.37000084,32.02000046,29.87999916,31.36000061,0.8400001500000016
2022-10-10,32.93000031,33.99000168,32.04999924,32.45000076,1.0900001500000016
2022-10-11,33.56000137,34.43000031,32.45000076,33.63000107,1.180000309999997
2022-10-12,33.54000092,34.52999878,33.11000061,33.56999969,-0.06000137999999566
2022-10-13,33.59999847,33.86999893,31.62999916,31.94000053,-1.629999160000004
2022-10-14,31.88999939,32.97999954,31.13999939,32.02000046,0.07999992999999961
2022-10-17,32.27000046,32.59000015,30.70000076,31.37000084,-0.6499996199999991
2022-10-18,31.10000038,31.93000031,30.42000008,30.5,-0.8700008399999994
2022-10-19,30.94000053,31.89999962,30.76000023,30.76000023,0.2600002299999993
2022-10-20,31.29999924,31.31999969,29.76000023,29.97999954,-0.7800006899999978
2022-10-21,30.20999908,30.44000053,29.23999977,29.69000053,-0.2899990100000025
2022-10-24,30.64999962,30.95000076,29.78000069,29.85000038,0.15999985000000194
2022-10-25,29.79999924,30.0,28.21999931,28.45999908,-1.3900013000000015
2022-10-26,28.44000053,28.52000046,27.27000046,27.28000069,-1.179998389999998
2022-10-27,27.51000023,27.67000008,26.94000053,27.38999939,0.10999869999999845
2022-10-28,27.43000031,27.59000015,25.75,25.75,-1.6399993899999998
2022-10-31,26.90999985,27.06999969,25.84000015,25.87999916,0.12999916000000056
2022-11-01,25.95999908,26.35000038,25.65999985,25.80999947,-0.0699996899999995
2022-11-02,26.04000092,26.62000084,25.38999939,25.86000061,0.05000113999999911
2022-11-03,25.97999954,26.87000084,25.10000038,25.29999924,-0.5600013700000019
2022-11-04,25.62999916,25.70999908,24.0,24.54999924,-0.75
2022-11-07,25.67000008,25.67000008,24.34000015,24.35000038,-0.19999885999999734
2022-11-08,24.70999908,26.15999985,24.23999977,25.54000092,1.1900005399999998
2022-11-09,25.34000015,26.35000038,25.02000046,26.09000015,0.549999230000001
2022-11-10,26.51000023,26.59000015,22.84000015,23.53000069,-2.5599994600000002
2022-11-11,23.88999939,23.90999985,22.37000084,22.52000046,-1.0100002300000028
2022-11-14,23.98999977,24.32999992,22.86000061,23.72999954,1.209999080000003
2022-11-15,23.77000046,26.21999931,23.18000031,24.54000092,0.8100013799999992
2022-11-16,24.29000092,24.71999931,23.98999977,24.11000061,-0.4300003100000005
2022-11-17,24.04999924,25.18000031,23.80999947,23.93000031,-0.18000029999999967
2022-11-18,24.03000069,24.12000084,22.97999954,23.12000084,-0.809999470000001
2022-11-21,24.04999924,24.12000084,22.29999924,22.36000061,-0.7600002299999993
2022-11-22,22.59000015,22.70999908,21.28000069,21.29000092,-1.0699996899999995
2022-11-23,21.48999977,21.78000069,20.31999969,20.35000038,-0.9400005399999998
2022-11-25,20.61000061,21.11000061,20.45999908,20.5,0.1499996199999991
2022-11-28,22.09000015,22.5,21.64999962,22.20999908,1.7099990799999993
2022-11-29,22.09000015,22.56999969,21.82999992,21.88999939,-0.3199996899999995
2022-11-30,21.70000076,22.62999916,20.30999947,20.57999992,-1.309999470000001
2022-12-01,20.82999992,21.05999947,19.79999924,19.84000015,-0.7399997699999972
2022-12-02,20.42000008,20.95999908,18.95000076,19.05999947,-0.7800006800000006
2022-12-05,20.29999924,21.29000092,19.78000069,20.75,1.690000529999999
2022-12-06,20.69000053,22.60000038,20.37999916,22.17000008,1.4200000800000012
2022-12-07,22.31999969,23.01000023,22.18000031,22.68000031,0.5100002299999993
2022-12-08,22.80999947,23.28000069,22.05999947,22.29000092,-0.38999938999999983
2022-12-09,22.54999924,23.20999908,22.18000031,22.82999992,0.5399989999999981
2022-12-12,24.39999962,25.04999924,24.18000031,25.0,2.170000080000001
2022-12-13,25.23999977,25.84000015,21.45999908,22.54999924,-2.4500007600000018
2022-12-14,22.82999992,23.46999931,21.06999969,21.13999939,-1.4099998499999984
2022-12-15,21.52000046,23.67000008,21.25,22.82999992,1.690000529999999
2022-12-16,23.26000023,23.82999992,22.09000015,22.62000084,-0.20999907999999934
2022-12-19,22.62999916,22.86000061,21.61000061,22.42000008,-0.20000075999999822
2022-12-20,23.17000008,23.38999939,21.35000038,21.47999954,-0.9400005399999998
2022-12-21,21.25,21.29000092,19.94000053,20.06999969,-1.409999850000002
2022-12-22,20.07999992,24.29999924,20.01000023,21.96999931,1.8999996199999991
2022-12-23,22.17000008,22.63999939,20.78000069,20.87000084,-1.0999984699999992
2022-12-27,21.67000008,22.79999924,21.59000015,21.64999962,0.7799987799999997
2022-12-28,21.46999931,22.26000023,20.95999908,22.13999939,0.4899997700000007
2022-12-29,22.25,22.30999947,21.36000061,21.44000053,-0.6999988600000009
2022-12-30,21.82999992,22.39999962,21.59000015,21.67000008,0.22999955000000227
2023-01-03,23.09000015,23.76000023,22.72999954,22.89999962,1.229999539999998
2023-01-04,22.93000031,23.27000046,21.94000053,22.01000023,-0.8899993899999998
2023-01-05,22.20000076,22.92000008,21.96999931,22.45999908,0.44999885000000006
2023-01-06,22.69000053,22.89999962,21.0,21.12999916,-1.3299999199999988
2023-01-09,21.75,21.97999954,21.27000046,21.96999931,0.8400001499999981
2023-01-10,22.21999931,22.45999908,20.57999992,20.57999992,-1.3899993899999998
2023-01-11,20.79999924,21.25,20.62000084,21.09000015,0.5100002300000028
2023-01-12,21.55999947,21.79999924,18.82999992,18.82999992,-2.260000230000003
2023-01-13,19.0,19.40999985,18.01000023,18.35000038,-0.4799995399999979
2023-01-17,19.88999939,20.21999931,19.20999908,19.36000061,1.0100002299999993
2023-01-18,19.28000069,20.57999992,18.70999908,20.34000015,0.9799995400000014
2023-01-19,20.43000031,21.70999908,20.17000008,20.52000046,0.18000030999999694
2023-01-20,20.28000069,20.70000076,19.40999985,19.85000038,-0.6700000799999977
2023-01-23,20.20999908,20.32999992,19.54999924,19.80999947,-0.040000909999999834
2023-01-24,19.88999939,20.46999931,18.90999985,19.20000076,-0.6099987099999993
2023-01-25,19.55999947,20.89999962,18.98999977,19.07999992,-0.120000840000003
2023-01-26,19.04999924,19.47999954,18.67000008,18.72999954,-0.35000037999999734
2023-01-27,18.89999962,19.0,17.96999931,18.51000023,-0.21999931000000217
2023-01-30,19.76000023,20.25,19.54000092,19.94000053,1.4300002999999997
2023-01-31,20.12000084,20.70000076,19.12999916,19.39999962,-0.5400009099999998
2023-02-01,19.62000084,20.04000092,17.70000076,17.87000084,-1.5299987799999997
2023-02-02,17.73999977,19.25,17.05999947,18.72999954,0.859998700000002
2023-02-03,18.56999969,19.29999924,17.93000031,18.32999992,-0.39999962000000266
2023-02-06,19.22999954,19.80999947,19.20999908,19.43000031,1.1000003900000017
2023-02-07,19.54000092,19.98999977,18.43000031,18.65999985,-0.7700004600000021
2023-02-08,18.87999916,20.12000084,18.54999924,19.62999916,0.9699993100000022
2023-02-09,19.23999977,21.07999992,19.02000046,20.70999908,1.0799999199999988
2023-02-10,20.73999977,21.94000053,20.44000053,20.53000069,-0.17999838999999795
2023-02-13,21.65999985,21.69000053,20.32999992,20.34000015,-0.19000053999999977
2023-02-14,20.71999931,20.75,18.47999954,18.90999985,-1.4300003000000032
2023-02-15,19.37000084,19.40999985,18.11000061,18.22999954,-0.6800003099999969
2023-02-16,18.26000023,20.27000046,18.22999954,20.17000008,1.9400005399999998
2023-02-17,20.94000053,21.29999924,19.81999969,20.02000046,-0.14999962000000266
2023-02-21,21.79999924,23.34000015,21.79999924,22.87000084,2.850000380000001
2023-02-22,23.03000069,23.62999916,22.02000046,22.29000092,-0.5799999199999988
2023-02-23,21.95999908,22.43000031,20.88999939,21.13999939,-1.1500015300000008
2023-02-24,21.35000038,22.89999962,21.31999969,21.67000008,0.5300006900000014
2023-02-27,21.98999977,22.02000046,20.68000031,20.95000076,-0.7199993199999994
2023-02-28,21.29999924,21.37000084,20.10000038,20.70000076,-0.25
2023-03-01,20.38999939,21.31999969,20.21999931,20.57999992,-0.120000840000003
2023-03-02,21.40999985,21.42000008,19.54999924,19.59000015,-0.9899997699999972
2023-03-03,19.76000023,19.76000023,18.15999985,18.48999977,-1.1000003800000009
2023-03-06,19.04999924,19.19000053,18.48999977,18.61000061,0.12000083999999944
2023-03-07,18.63999939,19.73999977,18.51000023,19.59000015,0.9799995400000014
2023-03-08,19.70999908,20.01000023,19.0,19.11000061,-0.47999954000000145
2023-03-09,19.32999992,23.13999939,18.87999916,22.61000061,3.5
2023-03-10,23.34000015,28.96999931,21.79000092,24.79999924,2.189998629999998
2023-03-13,24.04999924,30.80999947,23.85000038,26.52000046,1.7200012200000003
2023-03-14,26.85000038,27.23999977,22.27000046,23.72999954,-2.790000919999997
2023-03-15,23.20999908,29.90999985,23.19000053,26.13999939,2.4099998499999984
2023-03-16,26.19000053,27.48999977,22.96999931,22.98999977,-3.149999619999999
2023-03-17,22.92000008,26.13999939,22.57999992,25.51000023,2.5200004599999986
2023-03-20,27.77000046,28.90999985,24.0,24.14999962,-1.3600006100000002
2023-03-21,24.15999985,24.15999985,21.29000092,21.37999916,-2.7700004599999986
2023-03-22,21.79999924,22.37999916,19.94000053,22.26000023,0.8800010699999987
2023-03-23,21.54000092,24.90999985,20.15999985,22.61000061,0.3500003800000009
2023-03-24,22.11000061,25.20999908,21.60000038,21.73999977,-0.8700008399999994
2023-03-27,22.04999924,22.93000031,20.56999969,20.60000038,-1.1399993899999998
2023-03-28,20.53000069,21.39999962,19.90999985,19.96999931,-0.6300010700000023
2023-03-29,19.38999939,19.45000076,19.09000015,19.12000084,-0.8499984699999992
2023-03-30,19.12000084,20.07999992,18.85000038,19.02000046,-0.10000038000000089
2023-03-31,19.20999908,19.43000031,18.52000046,18.70000076,-0.3199996999999968
2023-04-03,19.79000092,19.82999992,18.54000092,18.54999924,-0.15000152000000355
2023-04-04,18.79000092,20.03000069,18.57999992,19.0,0.4500007600000018
2023-04-05,19.42000008,20.07999992,19.0,19.07999992,0.07999991999999878
2023-04-06,19.29999924,19.87999916,18.35000038,18.39999962,-0.6800002999999997
2023-04-10,19.38999939,20.04999924,18.93000031,18.96999931,0.5699996899999995
2023-04-11,19.07999992,19.28000069,18.55999947,19.10000038,0.13000107000000227
2023-04-12,19.37999916,19.97999954,18.25,19.09000015,-0.010000229999999277
2023-04-13,18.82999992,19.05999947,17.77000046,17.79999924,-1.2900009100000034
2023-04-14,17.94000053,18.12000084,17.06999969,17.06999969,-0.7299995499999987
2023-04-17,17.57999992,17.79000092,16.89999962,16.95000076,-0.11999892999999773
2023-04-18,16.94000053,17.34000015,16.57999992,16.82999992,-0.120000840000003
2023-04-19,17.29999924,17.71999931,16.17000008,16.45999908,-0.37000083999999944
2023-04-20,16.85000038,17.69000053,16.32999992,17.17000008,0.7100010000000019
2023-04-21,17.51000023,17.70999908,16.57999992,16.77000046,-0.39999962000000266
2023-04-24,18.21999931,18.23999977,16.73999977,16.88999939,0.11999893000000128
2023-04-25,17.62000084,19.86000061,17.32999992,18.76000023,1.8700008399999994
2023-04-26,18.65999985,19.61000061,17.87000084,18.84000015,0.07999992000000233
2023-04-27,18.43000031,18.43000031,16.71999931,17.03000069,-1.8099994600000002
2023-04-28,17.20999908,17.64999962,15.72000027,15.77999973,-1.2500009600000013
2023-05-01,16.40999985,16.62000084,15.52999973,16.07999992,0.30000018999999867
2023-05-02,16.27000046,19.80999947,16.26000023,17.78000069,1.7000007700000026
2023-05-03,17.81999969,18.82999992,17.19000053,18.34000015,0.5599994600000002
2023-05-04,19.17000008,21.32999992,18.67000008,20.09000015,1.75
2023-05-05,19.5,19.62999916,16.69000053,17.19000053,-2.8999996200000027
2023-05-08,17.72999954,17.87999916,16.82999992,16.97999954,-0.2100009899999975
2023-05-09,17.29000092,17.86000061,17.21999931,17.70999908,0.7299995399999979
2023-05-10,17.57999992,18.30999947,16.36000061,16.94000053,-0.7699985500000004
2023-05-11,16.79999924,18.19000053,16.62999916,16.93000031,-0.01000021999999845
2023-05-12,16.82999992,17.92000008,16.37999916,17.03000069,0.10000038000000089
2023-05-15,17.44000053,18.15999985,17.07999992,17.12000084,0.09000014999999806
2023-05-16,17.54000092,18.29999924,17.26000023,17.98999977,0.8699989300000013
2023-05-17,17.95999908,18.26000023,16.68000031,16.87000084,-1.1199989300000013
2023-05-18,16.92000008,17.14999962,16.04999924,16.04999924,-0.8200016000000012
2023-05-19,16.12999916,17.36000061,15.85000038,16.80999947,0.7600002300000028
2023-05-22,17.45000076,18.12999916,16.81999969,17.20999908,0.3999996099999983
2023-05-23,17.35000038,19.30999947,17.29999924,18.53000069,1.320001610000002
2023-05-24,18.79999924,20.80999947,18.79999924,20.03000069,1.5
2023-05-25,19.54000092,19.95000076,18.70000076,19.13999939,-0.8900013000000015
2023-05-26,19.06999969,19.55999947,17.27000046,17.95000076,-1.189998629999998
2023-05-30,17.55999947,18.34000015,16.97999954,17.45999908,-0.49000168000000244
2023-05-31,18.04000092,18.39999962,17.12000084,17.94000053,0.4800014499999996
2023-06-01,17.23999977,17.59000015,15.57999992,15.64999962,-2.29000091
2023-06-02,15.64999962,15.64999962,14.42000008,14.60000038,-1.0499992399999982
2023-06-05,15.27999973,15.28999996,14.65999985,14.72999954,0.12999915999999878
2023-06-06,14.90999985,14.97000027,13.94999981,13.96000004,-0.7699994999999991
2023-06-07,14.14000034,14.28999996,13.77000046,13.93999958,-0.02000046000000033
2023-06-08,14.14000034,14.21000004,13.52999973,13.64999962,-0.28999996000000117
2023-06-09,13.77999973,14.14000034,13.5,13.82999992,0.18000030000000145
2023-06-12,14.43999958,15.02000046,14.31999969,15.01000023,1.1800003099999987
2023-06-13,14.98999977,15.06000042,14.47000027,14.60999966,-0.40000056999999956
2023-06-14,14.47999954,14.72999954,13.82999992,13.88000011,-0.7299995500000005
2023-06-15,14.09000015,14.52000046,13.78999996,14.5,0.6199998900000008
2023-06-16,14.48999977,14.53999996,13.47999954,13.53999996,-0.9600000400000006
2023-06-20,14.35999966,14.67000008,13.85999966,13.88000011,0.34000014999999983
2023-06-21,13.88000011,13.89000034,13.10000038,13.19999981,-0.6800002999999997
2023-06-22,13.88000011,13.97999954,12.72999954,12.90999985,-0.2899999599999994
2023-06-23,13.23999977,13.80000019,12.88000011,13.43999958,0.5299997300000001
2023-06-26,14.43000031,14.71000004,13.77999973,14.25,0.8100004199999997
2023-06-27,14.10999966,14.34000015,13.59000015,13.73999977,-0.5100002299999993
2023-06-28,13.89999962,13.96000004,13.35999966,13.43000031,-0.3099994600000002
2023-06-29,13.64000034,13.85000038,13.40999985,13.53999996,0.1099996499999989
2023-06-30,13.51000023,13.59000015,12.96000004,13.59000015,0.050000190000000444
2023-07-03,13.85000038,13.85000038,13.47000027,13.56999969,-0.02000046000000033
2023-07-05,14.18999958,14.73999977,14.05000019,14.18000031,0.610000620000001
2023-07-06,14.85000038,17.07999992,14.78999996,15.43999958,1.2599992699999998
2023-07-07,15.97000027,16.05999947,14.32999992,14.82999992,-0.6099996599999997
2023-07-10,16.07999992,16.20999908,15.03999996,15.06999969,0.23999976999999895
2023-07-11,15.02000046,15.25,14.63000011,14.84000015,-0.22999953999999967
2023-07-12,14.81999969,14.81999969,13.51000023,13.53999996,-1.3000001900000004
2023-07-13,13.43999958,13.60999966,13.11999989,13.60999966,0.06999970000000033
2023-07-14,13.72000027,13.76000023,13.22000027,13.34000015,-0.2699995099999999
2023-07-17,13.77999973,14.0,13.43000031,13.47999954,0.13999938999999983
2023-07-18,13.60999966,13.67000008,13.28999996,13.30000019,-0.17999934999999923
2023-07-19,13.31999969,13.84000015,13.11999989,13.76000023,0.46000003999999883
2023-07-20,13.96000004,14.22999954,13.57999992,13.98999977,0.22999954000000145
2023-07-21,13.86999989,13.89000034,13.36999989,13.60000038,-0.38999938999999983
2023-07-24,14.28999996,14.30000019,13.72999954,13.90999985,0.3099994699999993
2023-07-25,14.02000046,14.09000015,13.81999969,13.85999966,-0.050000190000000444
2023-07-26,13.85999966,14.15999985,13.14999962,13.18999958,-0.6700000799999994
2023-07-27,13.14000034,15.02000046,12.73999977,14.40999985,1.2200002699999999
2023-07-28,14.02999973,14.18000031,13.27000046,13.32999992,-1.0799999299999996
2023-07-31,13.97999954,14.09000015,13.56999969,13.63000011,0.30000018999999867
2023-08-01,13.75,14.30000019,13.75,13.93000031,0.30000020000000127
2023-08-02,15.69999981,16.47999954,14.94999981,16.09000015,2.159999840000001
2023-08-03,16.77000046,17.42000008,15.72000027,15.92000008,-0.17000007000000217
2023-08-04,16.01000023,17.38999939,14.56999969,17.10000038,1.1800003000000014
2023-08-07,16.89999962,17.36000061,15.77000046,15.77000046,-1.3299999200000006
2023-08-08,16.28000069,18.13999939,15.96000004,15.98999977,0.2199993100000004
2023-08-09,15.81000042,16.87000084,15.38000011,15.96000004,-0.029999730000000113
2023-08-10,15.57999992,16.86000061,14.60000038,15.85000038,-0.10999965999999972
2023-08-11,15.52999973,16.51000023,14.84000015,14.84000015,-1.010000230000001
2023-08-14,15.88000011,16.05999947,14.77000046,14.81999969,-0.02000046000000033
2023-08-15,14.94999981,16.56999969,14.90999985,16.45999908,1.6399993899999998
2023-08-16,16.54000092,16.93000031,15.80000019,16.78000069,0.32000161000000205
2023-08-17,16.95999908,18.12999916,16.39999962,17.88999939,1.1099986999999985
2023-08-18,17.79999924,18.87999916,17.13999939,17.29999924,-0.5900001500000016
2023-08-21,18.03000069,18.11000061,16.87999916,17.12999916,-0.17000007999999767
2023-08-22,16.95999908,17.57999992,16.61000061,16.96999931,-0.15999985000000194
2023-08-23,16.63999939,17.10000038,15.90999985,15.97999954,-0.989999769999999
2023-08-24,15.56999969,17.31999969,15.47999954,17.20000076,1.220001220000002
2023-08-25,17.20999908,17.36000061,15.44999981,15.68000031,-1.5200004500000013
2023-08-28,16.23999977,16.28000069,15.0,15.07999992,-0.6000003899999999
2023-08-29,15.07999992,15.30000019,14.34000015,14.44999981,-0.630000110000001
2023-08-30,14.52999973,14.69999981,13.82999992,13.88000011,-0.5699997000000003
2023-08-31,13.97999954,14.0,13.43999958,13.56999969,-0.3100004199999997
2023-09-01,13.56000042,13.56000042,13.02000046,13.09000015,-0.47999953999999967
2023-09-05,14.14999962,14.47000027,13.69999981,14.01000023,0.9200000799999994
2023-09-06,14.27000046,15.30000019,14.13000011,14.44999981,0.4399995800000003
2023-09-07,14.81000042,15.68999958,14.39999962,14.39999962,-0.050000190000000444
2023-09-08,14.22000027,14.86999989,13.57999992,13.84000015,-0.5599994699999993
2023-09-11,14.17000008,14.32999992,13.73999977,13.80000019,-0.03999995999999939
2023-09-12,14.02000046,14.42000008,13.71000004,14.22999954,0.4299993499999992
2023-09-13,14.42000008,14.68000031,13.40999985,13.47999954,-0.75
2023-09-14,13.39000034,13.46000004,12.78999996,12.81999969,-0.6599998500000002
2023-09-15,12.69999981,14.17000008,12.68000031,13.78999996,0.9700002699999999
2023-09-18,14.39999962,14.75,13.85999966,14.0,0.2100000400000006
2023-09-19,14.10999966,14.88000011,13.85999966,14.10999966,0.10999965999999972
2023-09-20,14.18000031,15.14999962,13.56999969,15.14000034,1.0300006800000006
2023-09-21,15.48999977,17.54000092,15.10000038,17.54000092,2.4000005800000004
2023-09-22,17.30999947,17.40999985,15.93000031,17.20000076,-0.3400001599999989
2023-09-25,17.25,18.40999985,16.79000092,16.89999962,-0.30000114000000266
2023-09-26,18.03000069,19.5,17.17000008,18.94000053,2.04000091
2023-09-27,18.29000092,19.70999908,18.03000069,18.21999931,-0.7200012200000003
2023-09-28,18.21999931,18.77000046,17.05999947,17.34000015,-0.879999159999997
2023-09-29,16.87000084,17.73999977,15.82999992,17.52000046,0.18000030999999694
2023-10-02,17.30999947,18.54999924,16.93000031,17.61000061,0.09000015000000161
2023-10-03,17.80999947,20.47999954,17.52000046,19.78000069,2.170000080000001
2023-10-04,20.71999931,20.87999916,18.29999924,18.57999992,-1.2000007700000026
2023-10-05,18.67000008,19.57999992,18.26000023,18.48999977,-0.09000014999999806
2023-10-06,18.72999954,19.93000031,17.19000053,17.45000076,-1.039999009999999
2023-10-09,19.54000092,19.60000038,17.55999947,17.70000076,0.25
2023-10-10,17.70000076,17.86000061,16.51000023,17.03000069,-0.6700000700000004
2023-10-11,16.95000076,17.78000069,16.09000015,16.09000015,-0.9400005399999998
2023-10-12,16.07999992,18.07999992,15.43999958,16.69000053,0.6000003799999973
2023-10-13,16.53000069,20.78000069,16.5,19.31999969,2.6299991600000006
2023-10-16,19.10000038,19.56999969,17.13999939,17.20999908,-2.11000061
2023-10-17,17.40999985,18.54000092,16.96999931,17.87999916,0.6700000800000012
2023-10-18,18.36000061,20.14999962,17.87999916,19.21999931,1.340000149999998
2023-10-19,19.72999954,21.39999962,18.54999924,21.39999962,2.1800003100000005
2023-10-20,21.59000015,21.82999992,20.42000008,21.70999908,0.3099994600000002
2023-10-23,21.82999992,23.07999992,19.47999954,20.37000084,-1.33999824
2023-10-24,20.03000069,20.23999977,18.64999962,18.96999931,-1.4000015300000008
2023-10-25,19.38999939,21.23999977,18.86000061,20.19000053,1.2200012200000003
2023-10-26,21.78000069,21.95999908,20.21999931,20.68000031,0.48999978000000155
2023-10-27,20.38999939,22.06999969,19.71999931,21.27000046,0.5900001499999981
2023-10-30,21.12999916,21.15999985,19.54999924,19.75,-1.5200004599999986
2023-10-31,19.86000061,19.86000061,17.96999931,18.13999939,-1.6100006100000002
2023-11-01,18.02000046,18.42000008,16.62999916,16.87000084,-1.2699985500000004
2023-11-02,16.59000015,16.62000084,15.57999992,15.65999985,-1.2100009899999993
2023-11-03,15.69999981,15.82999992,14.90999985,14.90999985,-0.75
2023-11-06,15.39000034,15.57999992,14.84000015,14.89000034,-0.019999509999999887
2023-11-07,15.10000038,15.17000008,14.71000004,14.81000042,-0.07999992000000056
2023-11-08,14.90999985,15.09000015,14.30000019,14.44999981,-0.36000061000000017
2023-11-09,14.60999966,15.56999969,14.13000011,15.28999996,0.8400001499999998
2023-11-10,15.09000015,15.44999981,14.15999985,14.17000008,-1.11999988
2023-11-13,15.15999985,15.18999958,14.57999992,14.76000023,0.5900001499999998
2023-11-14,14.82999992,14.85999966,13.90999985,14.15999985,-0.6000003799999991
2023-11-15,14.21000004,14.35000038,13.97000027,14.18000031,0.02000046000000033
2023-11-16,14.11999989,14.42000008,13.68000031,14.31999969,0.139999379999999
2023-11-17,14.18000031,14.18999958,13.67000008,13.80000019,-0.5199994999999991
2023-11-20,14.26000023,14.31000042,13.39000034,13.40999985,-0.3900003400000003
2023-11-21,13.44999981,14.31000042,13.13000011,13.35000038,-0.05999946999999928
2023-11-22,13.07999992,13.25,12.81999969,12.85000038,-0.5
2023-11-24,13.02999973,13.17000008,12.44999981,12.46000004,-0.3900003400000003
2023-11-27,13.14000034,13.27999973,12.64000034,12.68999958,0.22999953999999967
2023-11-28,12.77999973,14.30000019,12.56000042,12.68999958,0.0
2023-11-29,12.71000004,13.10000038,12.47999954,12.97999954,0.2899999599999994
2023-11-30,13.06999969,13.39000034,12.81999969,12.92000008,-0.059999460000000227
2023-12-01,12.93999958,12.96000004,12.47999954,12.63000011,-0.2899999700000002
2023-12-04,13.27999973,13.69999981,12.97999954,13.07999992,0.44999981000000133
2023-12-05,13.26000023,13.76000023,12.81000042,12.85000038,-0.22999953999999967
2023-12-06,12.77999973,13.02999973,12.64000034,12.97000027,0.119999889999999
2023-12-07,13.17000008,13.27999973,12.94999981,13.06000042,0.09000014999999983
2023-12-08,13.14000034,13.23999977,12.35000038,12.35000038,-0.7100000399999988
2023-12-11,13.05000019,13.14000034,12.60999966,12.63000011,0.27999972999999834
2023-12-12,12.68999958,12.73999977,11.81000042,12.06999969,-0.5600004199999997
2023-12-13,12.19999981,12.46000004,11.81999969,12.18999958,0.11999989000000078
2023-12-14,11.96000004,12.73999977,11.84000015,12.47999954,0.2899999599999994
2023-12-15,12.11999989,12.53999996,12.01000023,12.27999973,-0.19999980999999956
2023-12-18,12.61999989,12.64000034,12.39999962,12.56000042,0.2800006899999996
2023-12-19,12.60000038,12.60000038,12.32999992,12.52999973,-0.030000689999999608
2023-12-20,12.63000011,13.93000031,12.28999996,13.67000008,1.1400003499999993
2023-12-21,13.39999962,14.48999977,13.34000015,13.64999962,-0.02000046000000033
2023-12-22,13.72000027,13.96000004,13.0,13.02999973,-0.619999889999999
2023-12-26,13.77000046,13.80000019,12.96000004,12.98999977,-0.03999995999999939
2023-12-27,13.02000046,13.03999996,12.36999989,12.43000031,-0.5599994600000002
2023-12-28,12.43999958,12.64999962,12.38000011,12.47000027,0.03999995999999939
2023-12-29,12.55000019,13.18999958,12.35999966,12.44999981,-0.02000046000000033
2024-01-02,13.22000027,14.22999954,13.10000038,13.19999981,0.75
2024-01-03,13.35000038,14.22000027,13.32999992,14.03999996,0.8400001499999998
2024-01-04,13.93000031,14.19999981,13.64000034,14.13000011,0.09000014999999983
2024-01-05,14.23999977,14.57999992,13.28999996,13.35000038,-0.7799997299999983
2024-01-08,14.0,14.18000031,13.02000046,13.07999992,-0.27000046000000033
2024-01-09,13.19999981,13.44999981,12.73999977,12.76000023,-0.3199996900000013
2024-01-10,12.85999966,12.94999981,12.67000008,12.68999958,-0.070000649999999
2024-01-11,12.64000034,13.31000042,12.35000038,12.43999958,-0.25
2024-01-12,12.65999985,13.07999992,12.47000027,12.69999981,0.2600002299999993
2024-01-16,14.11999989,14.35000038,13.52000046,13.84000015,1.1400003400000003
2024-01-17,14.59000015,15.39999962,14.38000011,14.78999996,0.9499998099999996
2024-01-18,14.85000038,14.89000034,13.89000034,14.13000011,-0.6599998500000002
2024-01-19,13.80000019,14.57999992,13.27999973,13.30000019,-0.8299999199999988
2024-01-22,13.77000046,13.84000015,13.17000008,13.18999958,-0.11000061000000017
2024-01-23,13.19999981,13.28999996,12.52999973,12.55000019,-0.6399993899999998
2024-01-24,12.65999985,13.18000031,12.40999985,13.14000034,0.5900001499999998
2024-01-25,13.18000031,13.57999992,13.06000042,13.44999981,0.3099994699999993
2024-01-26,13.72999954,14.10000038,13.19999981,13.26000023,-0.18999958000000028
2024-01-29,13.97999954,15.35000038,13.59000015,13.60000038,0.3400001500000016
2024-01-30,13.68999958,13.73999977,13.22999954,13.31000042,-0.28999996000000117
2024-01-31,13.42000008,14.60999966,13.18000031,14.35000038,1.0399999600000012
2024-02-01,14.21000004,14.63000011,13.86999989,13.88000011,-0.47000027000000166
2024-02-02,13.94999981,14.22999954,13.39000034,13.85000038,-0.029999729999998337
2024-02-05,14.36999989,14.52999973,13.57999992,13.67000008,-0.18000030000000145
2024-02-06,13.56999969,13.77999973,12.97999954,13.06000042,-0.6099996599999997
2024-02-07,13.06000042,13.13000011,12.81000042,12.82999992,-0.23000049999999916
2024-02-08,12.94999981,13.17000008,12.73999977,12.78999996,-0.03999996000000117
2024-02-09,12.78999996,13.01000023,12.68999958,12.93000031,0.1400003500000011
2024-02-12,13.47999954,13.93999958,13.34000015,13.93000031,1.0
2024-02-13,13.96000004,17.94000053,13.43000031,15.85000038,1.9200000700000004
2024-02-14,15.38000011,15.47000027,14.22000027,14.38000011,-1.4700002700000017
2024-02-15,14.27000046,14.64000034,13.93999958,14.01000023,-0.36999987999999995
2024-02-16,13.93999958,14.71000004,13.75,14.23999977,0.22999954000000145
2024-02-20,15.09000015,15.90999985,15.06999969,15.42000008,1.1800003099999987
2024-02-21,15.53999996,16.12000084,15.22000027,15.34000015,-0.07999992999999961
2024-02-22,14.27999973,14.64000034,14.11999989,14.53999996,-0.8000001900000004
2024-02-23,14.31000042,14.31000042,13.64000034,13.75,-0.7899999599999994
2024-02-26,14.17000008,14.19999981,13.65999985,13.73999977,-0.010000229999999277
2024-02-27,13.63000011,13.75,13.40999985,13.43000031,-0.3099994600000002
2024-02-28,13.52000046,13.89999962,13.43999958,13.84000015,0.40999983999999934
2024-02-29,14.14000034,14.14999962,13.30000019,13.39999962,-0.4400005300000007
2024-03-01,13.34000015,13.65999985,13.07999992,13.10999966,-0.2899999599999994
2024-03-04,13.48999977,13.57999992,13.31999969,13.48999977,0.380000110000001
2024-03-05,13.75,15.10000038,13.75,14.46000004,0.9700002699999999
2024-03-06,14.27000046,14.93000031,13.89000034,14.5,0.03999995999999939
2024-03-07,14.97999954,14.97999954,14.25,14.43999958,-0.06000041999999972
2024-03-08,14.22000027,15.52999973,13.97000027,14.73999977,0.30000019000000044
2024-03-11,15.51000023,16.04000092,15.13000011,15.22000027,0.48000049999999916
2024-03-12,14.97000027,15.19999981,13.81000042,13.84000015,-1.38000012
2024-03-13,13.89000034,14.03999996,13.67000008,13.75,-0.09000014999999983
2024-03-14,13.61999989,15.32999992,13.42000008,14.39999962,0.6499996199999991
2024-03-15,14.32999992,15.52999973,14.14000034,14.40999985,0.010000230000001054
2024-03-18,14.75,14.85000038,14.26000023,14.32999992,-0.07999992999999961
2024-03-19,14.5,14.85999966,13.80000019,13.81999969,-0.510000230000001
2024-03-20,13.82999992,14.17000008,13.01000023,13.03999996,-0.7799997300000001
2024-03-21,12.97999954,13.07999992,12.39999962,12.92000008,-0.11999987999999995
2024-03-22,12.92000008,13.14999962,12.57999992,13.06000042,0.14000034000000028
2024-03-25,13.67000008,13.67000008,13.10999966,13.18999958,0.12999916000000056
2024-03-26,13.11999989,13.43000031,12.84000015,13.23999977,0.050000190000000444
2024-03-27,13.13000011,13.34000015,12.65999985,12.77999973,-0.4600000400000006
2024-03-28,12.93000031,13.10000038,12.84000015,13.01000023,0.23000049999999916
2024-04-01,13.60999966,14.14999962,13.55000019,13.64999962,0.6399993899999998
2024-04-02,13.73999977,15.43000031,13.68000031,14.60999966,0.9600000400000006
2024-04-03,15.0,15.18000031,14.25,14.32999992,-0.27999973999999916
2024-04-04,14.28999996,16.92000008,13.73999977,16.35000038,2.0200004600000003
2024-04-05,16.45000076,16.75,15.52999973,16.03000069,-0.3199996899999995
2024-04-08,16.23999977,16.5,15.10999966,15.18999958,-0.8400011100000011
2024-04-09,15.34000015,16.62999916,14.93999958,14.97999954,-0.2100000400000006
2024-04-10,15.23999977,16.62000084,14.59000015,15.80000019,0.8200006500000008
2024-04-11,16.02000046,17.61000061,14.90999985,14.90999985,-0.8900003400000003
2024-04-12,14.90999985,19.20000076,14.90999985,17.30999947,2.399999620000001
2024-04-15,16.94000053,19.45999908,16.26000023,19.22999954,1.9200000700000004
2024-04-16,19.48999977,19.55999947,17.63999939,18.39999962,-0.8299999200000023
2024-04-17,18.23999977,19.11000061,17.54000092,18.20999908,-0.19000053999999977
2024-04-18,17.90999985,18.37000084,17.20999908,18.0,-0.20999907999999934
2024-04-19,21.32999992,21.36000061,18.17000008,18.70999908,0.7099990799999993
2024-04-22,18.59000015,18.71999931,16.69000053,16.94000053,-1.7699985500000004
2024-04-23,16.71999931,16.76000023,15.68999958,15.68999958,-1.2500009499999987
2024-04-24,15.76000023,16.37999916,15.57999992,15.97000027,0.2800006899999996
2024-04-25,16.25,17.54999924,15.27000046,15.36999989,-0.6000003799999991
2024-04-26,15.48999977,16.05999947,14.92000008,15.02999973,-0.34000016000000066
2024-04-29,15.36999989,15.42000008,14.63000011,14.67000008,-0.35999965000000067
2024-04-30,14.81999969,15.89999962,14.67000008,15.64999962,0.9799995399999997
2024-05-01,15.75,16.21999931,14.35000038,15.39000034,-0.25999927999999883
2024-05-02,15.14000034,16.09000015,14.60000038,14.68000031,-0.7100000299999998
2024-05-03,14.51000023,14.57999992,13.47999954,13.48999977,-1.1900005399999998
2024-05-06,13.97999954,14.02000046,13.43999958,13.48999977,0.0
2024-05-07,13.52000046,13.64000034,13.15999985,13.22999954,-0.26000023000000105
2024-05-08,13.23999977,13.51000023,12.93999958,13.0,-0.22999953999999967
2024-05-09,13.07999992,13.28999996,12.68000031,12.68999958,-0.3100004199999997
2024-05-10,12.77000046,12.96000004,12.5,12.55000019,-0.13999938999999983
2024-05-13,13.26000023,13.65999985,13.25,13.60000038,1.0500001900000004
2024-05-14,13.71000004,14.02999973,13.27000046,13.42000008,-0.18000030000000145
2024-05-15,13.72999954,13.93999958,12.38000011,12.44999981,-0.9700002699999999
2024-05-16,12.52000046,12.67000008,12.32999992,12.42000008,-0.029999730000000113
2024-05-17,12.27999973,12.47999954,11.90999985,11.98999977,-0.4300003099999987
2024-05-20,12.27000046,12.59000015,12.06999969,12.14999962,0.1599998499999984
2024-05-21,12.30000019,12.56000042,11.84000015,11.85999966,-0.2899999599999994
2024-05-22,12.05000019,12.81000042,11.77999973,12.28999996,0.43000029999999967
2024-05-23,11.52999973,13.36999989,11.52000046,12.77000046,0.48000050000000094
2024-05-24,12.85999966,12.89000034,11.89000034,11.93000031,-0.8400001499999998
2024-05-28,12.51000023,13.43999958,12.35999966,12.92000008,0.989999769999999
2024-05-29,13.75,14.31999969,13.68999958,14.27999973,1.3599996500000007
2024-05-30,14.81999969,14.88000011,13.67000008,14.47000027,0.19000053999999977
2024-05-31,14.5,14.86999989,12.84000015,12.92000008,-1.5500001900000004
2024-06-03,13.07999992,14.31000042,13.0,13.10999966,0.18999958000000028
2024-06-04,13.51000023,14.07999992,13.10999966,13.15999985,0.050000190000000444
2024-06-05,13.14000034,13.25,12.60000038,12.63000011,-0.5299997400000009
2024-06-06,12.75,12.97999954,12.53999996,12.57999992,-0.05000018999999867
2024-06-07,12.68999958,13.07999992,12.10999966,12.22000027,-0.35999965000000067
2024-06-10,13.09000015,13.27999973,12.61999989,12.73999977,0.5199995000000008
2024-06-11,12.85000038,13.47000027,12.77999973,12.85000038,0.11000061000000017
2024-06-12,13.10000038,13.14999962,11.93999958,12.03999996,-0.8100004200000015
2024-06-13,12.05000019,12.68000031,11.88000011,11.93999958,-0.10000037999999911
2024-06-14,12.22000027,13.44999981,12.11999989,12.65999985,0.7200002699999999
2024-06-17,13.06999969,13.28999996,12.5,12.75,0.09000014999999983
2024-06-18,12.69999981,12.73999977,12.23999977,12.30000019,-0.44999980999999956
2024-06-20,12.5,13.55000019,12.18000031,13.27999973,0.9799995399999997
2024-06-21,13.22000027,13.77999973,12.98999977,13.19999981,-0.07999992000000056
2024-06-24,13.85000038,13.88000011,13.14999962,13.32999992,0.130000110000001
2024-06-25,13.47999954,13.52000046,12.84000015,12.84000015,-0.4899997700000007
2024-06-26,12.81000042,13.23999977,12.36999989,12.55000019,-0.2899999599999994
2024-06-27,12.68999958,12.77000046,12.21000004,12.23999977,-0.3100004199999997
2024-06-28,12.23999977,12.76000023,11.86999989,12.43999958,0.19999980999999956
2024-07-01,12.97999954,13.26000023,12.10000038,12.22000027,-0.2199993100000004
2024-07-02,12.67000008,12.88000011,11.85000038,12.02999973,-0.19000053999999977
2024-07-03,12.13000011,12.22999954,11.94999981,12.09000015,0.06000041999999972
2024-07-05,12.36999989,12.60999966,11.84000015,12.47999954,0.38999938999999983
2024-07-08,12.90999985,12.90999985,12.31000042,12.36999989,-0.1099996499999989
2024-07-09,12.47999954,12.60999966,12.35000038,12.51000023,0.1400003399999985
2024-07-10,12.51000023,12.92000008,12.39000034,12.85000038,0.3400001500000016
2024-07-11,12.88000011,13.32999992,12.22999954,12.92000008,0.06999969999999855
2024-07-12,12.86999989,12.89000034,12.10999966,12.46000004,-0.46000003999999883
2024-07-15,12.77999973,13.26000023,12.75,13.11999989,0.6599998500000002
2024-07-16,13.38000011,13.47000027,12.94999981,13.18999958,0.0699996899999995
2024-07-17,13.60000038,14.88000011,13.53999996,14.47999954,1.2899999599999994
2024-07-18,14.27000046,16.43000031,14.07999992,15.93000031,1.4500007700000008
2024-07-19,16.44000053,17.19000053,10.61999989,16.52000046,0.5900001499999981
2024-07-22,16.79000092,16.88999939,14.75,14.90999985,-1.6100006099999984
2024-07-23,15.21000004,15.35000038,13.89999962,14.72000027,-0.18999958000000028
2024-07-24,15.35000038,18.45999908,15.18000031,18.04000092,3.3200006500000008
2024-07-25,18.40999985,19.36000061,16.42000008,18.45999908,0.4199981599999987
2024-07-26,17.96999931,18.04999924,16.37000084,16.38999939,-2.0699996899999995
2024-07-29,16.59000015,17.20999908,16.22999954,16.60000038,0.21000099000000105
2024-07-30,16.63999939,18.31999969,16.26000023,17.69000053,1.090000149999998
2024-07-31,16.65999985,16.77000046,15.71000004,16.36000061,-1.3299999199999988
2024-08-01,16.20000076,19.47999954,15.94999981,18.59000015,2.2299995400000014
2024-08-02,20.52000046,29.65999985,20.01000023,23.38999939,4.799999239999998
2024-08-05,23.38999939,65.73000336,23.38999939,38.56999969,15.180000300000003
2024-08-06,33.70999908,34.77000046,24.02000046,27.70999908,-10.860000610000004
2024-08-07,24.77000046,29.76000023,21.96999931,27.85000038,0.14000130000000155
2024-08-08,28.34000015,29.46999931,23.36000061,23.79000092,-4.05999946
2024-08-09,23.78000069,24.52000046,20.26000023,20.37000084,-3.420000080000001
2024-08-12,20.79000092,21.19000053,18.88999939,20.70999908,0.3399982399999999
2024-08-13,20.05999947,20.79000092,17.95000076,18.12000084,-2.58999824
2024-08-14,18.40999985,18.48999977,16.12000084,16.19000053,-1.9300003100000005
2024-08-15,16.27000046,16.68000031,14.77000046,15.22999954,-0.9600009899999993
2024-08-16,15.28999996,15.76000023,14.64999962,14.80000019,-0.4299993499999992
2024-08-19,15.93999958,16.06999969,14.46000004,14.64999962,-0.15000057000000133
2024-08-20,14.89000034,15.93000031,14.77999973,15.88000011,1.2300004900000001
2024-08-21,16.25,17.17000008,15.92000008,16.27000046,0.39000034999999933
2024-08-22,16.27000046,18.05999947,15.76000023,17.54999924,1.2799987799999997
2024-08-23,17.12000084,17.20999908,15.60999966,15.85999966,-1.6899995799999985
2024-08-26,16.27000046,16.67000008,15.81000042,16.14999962,0.2899999599999994
2024-08-27,16.20999908,16.80999947,15.36999989,15.43000031,-0.7199993099999986
2024-08-28,15.51000023,17.88999939,15.46000004,17.11000061,1.6800002999999997
2024-08-29,16.54000092,16.56999969,15.18999958,15.64999962,-1.460000990000001
2024-08-30,15.67000008,16.04000092,14.77999973,15.0,-0.6499996199999991
2024-09-03,15.76000023,21.98999977,15.71000004,20.71999931,5.719999309999999
2024-09-04,23.20000076,23.30999947,19.34000015,21.31999969,0.6000003800000009
2024-09-05,20.75,21.53000069,19.20999908,19.89999962,-1.4200000700000004
2024-09-06,21.97999954,23.76000023,18.82999992,22.37999916,2.4799995400000014
2024-09-09,21.31999969,21.40999985,19.29000092,19.45000076,-2.929998399999999
2024-09-10,19.86000061,20.73999977,18.89999962,19.07999992,-0.370000840000003
2024-09-11,19.40999985,21.40999985,17.54999924,17.69000053,-1.3899993899999998
2024-09-12,17.62000084,18.59000015,16.88999939,17.06999969,-0.6200008399999994
2024-09-13,17.03000069,17.18000031,16.22999954,16.55999947,-0.5100002199999984
2024-09-16,17.15999985,17.69000053,16.90999985,17.13999939,0.5799999199999988
2024-09-17,17.15999985,18.07999992,16.67000008,17.61000061,0.47000122000000033
2024-09-18,17.57999992,19.38999939,17.11000061,18.22999954,0.6199989300000013
2024-09-19,17.20999908,17.27000046,16.20999908,16.32999992,-1.8999996200000027
2024-09-20,16.35000038,16.68000031,15.81000042,16.14999962,-0.18000029999999967
2024-09-23,16.70999908,16.95000076,15.75,15.89000034,-0.25999927999999883
2024-09-24,15.86999989,16.67000008,15.27000046,15.39000034,-0.5
2024-09-25,15.81999969,15.81999969,15.17000008,15.40999985,0.019999509999999887
2024-09-26,15.06000042,15.82999992,14.89999962,15.36999989,-0.03999995999999939
2024-09-27,15.64000034,16.96999931,15.19999981,16.95999908,1.5899991899999986
2024-09-30,17.01000023,17.79000092,16.46999931,16.72999954,-0.2299995399999979
2024-10-01,16.95999908,20.72999954,16.61000061,19.26000023,2.530000689999998
2024-10-02,19.64999962,20.36000061,18.57999992,18.89999962,-0.36000061000000017
2024-10-03,19.62999916,20.75,19.15999985,20.48999977,1.5900001500000016
2024-10-04,20.47999954,20.47999954,18.47999954,19.20999908,-1.2800006900000014
2024-10-07,20.76000023,23.03000069,20.64999962,22.63999939,3.4300003100000005
2024-10-08,22.92000008,23.13999939,21.13999939,21.42000008,-1.2199993099999986
2024-10-09,21.97999954,22.01000023,20.70999908,20.86000061,-0.559999470000001
2024-10-10,20.90999985,21.38999939,20.63999939,20.93000031,0.06999970000000033
2024-10-11,20.87000084,21.15999985,20.13999939,20.45999908,-0.47000123000000116
2024-10-14,20.86000061,20.86000061,19.69000053,19.70000076,-0.7599983199999976
2024-10-15,19.61000061,20.88999939,19.44000053,20.63999939,0.9399986299999981
2024-10-16,20.77000046,21.01000023,19.45000076,19.57999992,-1.059999470000001
2024-10-17,19.54999924,19.64999962,18.87999916,19.11000061,-0.4699993099999986
2024-10-18,19.29999924,19.31999969,17.98999977,18.03000069,-1.0799999199999988
2024-10-21,18.78000069,19.34000015,18.36000061,18.37000084,0.34000014999999806
2024-10-22,18.79000092,19.44000053,18.04999924,18.20000076,-0.17000007999999767
2024-10-23,18.20999908,20.46999931,18.18000031,19.23999977,1.039999009999999
2024-10-24,18.87000084,20.23999977,18.62999916,19.07999992,-0.15999985000000194
2024-10-25,19.21999931,20.51000023,18.22999954,20.32999992,1.25
2024-10-28,19.11000061,19.87999916,18.90999985,19.79999924,-0.5300006800000006
2024-10-29,19.75,20.53000069,19.05999947,19.34000015,-0.4599990899999966
2024-10-30,19.32999992,20.44000053,19.29999924,20.35000038,1.0100002299999993
2024-10-31,21.44000053,23.42000008,21.12000084,23.15999985,2.8099994699999975
2024-11-01,22.95999908,23.09000015,21.15999985,21.87999916,-1.2800006899999978
2024-11-04,22.5,23.06999969,21.72999954,21.97999954,0.10000038000000089
2024-11-05,21.97999954,22.05999947,20.20000076,20.48999977,-1.4899997700000007
2024-11-06,16.05999947,16.81999969,15.43999958,16.27000046,-4.219999310000002
2024-11-07,15.85999966,15.85999966,15.13000011,15.19999981,-1.070000649999999
2024-11-08,15.13000011,15.32999992,14.65999985,14.93999958,-0.2600002299999993
2024-11-11,15.32999992,15.56000042,14.89000034,14.97000027,0.030000689999999608
2024-11-12,15.09000015,15.36999989,14.68999958,14.71000004,-0.2600002299999993
2024-11-13,15.09000015,15.26000023,13.77000046,14.02000046,-0.6899995800000003
2024-11-14,14.17000008,14.31999969,13.59000015,14.31000042,0.2899999599999994
2024-11-15,15.02000046,17.54999924,14.56000042,16.13999939,1.8299989700000001
2024-11-18,16.60000038,17.0,15.35000038,15.57999992,-0.5599994699999993
2024-11-19,15.43999958,17.93000031,15.36999989,16.35000038,0.7700004600000003
2024-11-20,16.19000053,18.79000092,16.04000092,17.15999985,0.8099994699999975
2024-11-21,17.10000038,17.98999977,15.72999954,16.87000084,-0.28999900999999895
2024-11-22,16.67000008,17.55999947,15.23999977,15.23999977,-1.6300010699999987
2024-11-25,15.22999954,15.72000027,14.53999996,14.60000038,-0.6399993899999998
2024-11-26,14.94999981,15.02999973,13.88000011,14.10000038,-0.5
2024-11-27,14.27999973,15.13000011,13.96000004,14.10000038,0.0
2024-11-29,14.0,14.14999962,13.48999977,13.51000023,-0.5900001500000016
2024-12-02,14.07999992,14.10000038,13.30000019,13.34000015,-0.17000007999999944
2024-12-03,13.38000011,13.77000046,13.18999958,13.30000019,-0.03999995999999939
2024-12-04,13.15999985,13.60999966,12.89000034,13.44999981,0.1499996199999991
