DATE,DATE,DGS10,DGS10diff,DGS10log
2019-12-05,2019-12-05,1.8,,
2019-12-06,2019-12-06,1.84,0.04,0.0219789067187751
2019-12-09,2019-12-09,1.83,-0.01,-0.0054496047675647
2019-12-10,2019-12-10,1.85,0.02,0.0108696722369038
2019-12-11,2019-12-11,1.79,-0.06,-0.0329700192375698
2019-12-12,2019-12-12,1.9,0.1099999999999998,0.059638266319731
2019-12-13,2019-12-13,1.82,-0.0799999999999998,-0.0430173850836907
2019-12-16,2019-12-16,1.89,0.0699999999999998,0.0377403279828469
2019-12-17,2019-12-17,1.89,0.0,0.0
2019-12-18,2019-12-18,1.92,0.03,0.0157483569681391
2019-12-19,2019-12-19,1.92,0.0,0.0
2019-12-20,2019-12-20,1.92,0.0,0.0
2019-12-23,2019-12-23,1.93,0.01,0.0051948168771039
2019-12-24,2019-12-24,1.9,-0.03,-0.0156661167443994
2019-12-25,2019-12-25,1.9,0.0,0.0
2019-12-26,2019-12-26,1.9,0.0,0.0
2019-12-27,2019-12-27,1.88,-0.02,-0.0105821093305369
2019-12-30,2019-12-30,1.9,0.02,0.010582109330537
2019-12-31,2019-12-31,1.92,0.02,0.0104712998672954
2020-01-01,2020-01-01,1.9,-0.02,-0.0104712998672953
2020-01-02,2020-01-02,1.88,-0.02,-0.0105821093305369
2020-01-03,2020-01-03,1.8,-0.0799999999999998,-0.0434851119397387
2020-01-06,2020-01-06,1.81,0.01,0.0055401803756153
2020-01-07,2020-01-07,1.83,0.02,0.0109891215755951
2020-01-08,2020-01-08,1.87,0.04,0.0216224640131657
2020-01-09,2020-01-09,1.85,-0.02,-0.0107527917762618
2020-01-10,2020-01-10,1.83,-0.02,-0.0108696722369038
2020-01-13,2020-01-13,1.85,0.02,0.0108696722369038
2020-01-14,2020-01-14,1.82,-0.03,-0.0163491380015295
2020-01-15,2020-01-15,1.79,-0.03,-0.0166208812360404
2020-01-16,2020-01-16,1.81,0.02,0.0111112254250708
2020-01-17,2020-01-17,1.84,0.03,0.0164387263431599
2020-01-20,2020-01-20,1.8,-0.04,-0.0219789067187752
2020-01-21,2020-01-21,1.78,-0.02,-0.0111733005981251
2020-01-22,2020-01-22,1.77,-0.01,-0.005633817718256
2020-01-23,2020-01-23,1.74,-0.03,-0.0170944333593001
2020-01-24,2020-01-24,1.7,-0.04,-0.0232568621642672
2020-01-27,2020-01-27,1.61,-0.0899999999999998,-0.0543940720657986
2020-01-28,2020-01-28,1.65,0.0399999999999998,0.0245411089161174
2020-01-29,2020-01-29,1.6,-0.0499999999999998,-0.0307716586667535
2020-01-30,2020-01-30,1.57,-0.03,-0.0189280098855189
2020-01-31,2020-01-31,1.51,-0.06,-0.0389659685333837
2020-02-03,2020-02-03,1.54,0.03,0.0196727655987049
2020-02-04,2020-02-04,1.61,0.07,0.0444517625708337
2020-02-05,2020-02-05,1.66,0.0499999999999998,0.0305834233720801
2020-02-06,2020-02-06,1.65,-0.01,-0.0060423144559625
2020-02-07,2020-02-07,1.59,-0.0599999999999998,-0.0370412716803489
2020-02-10,2020-02-10,1.56,-0.03,-0.0190481949706944
2020-02-11,2020-02-11,1.59,0.03,0.0190481949706944
2020-02-12,2020-02-12,1.62,0.03,0.0186921330121525
2020-02-13,2020-02-13,1.61,-0.01,-0.0061919702479211
2020-02-14,2020-02-14,1.59,-0.02,-0.0125001627642314
2020-02-17,2020-02-17,1.56,-0.03,-0.0190481949706944
2020-02-18,2020-02-18,1.55,-0.01,-0.0064308903302904
2020-02-19,2020-02-19,1.56,0.01,0.0064308903302903
2020-02-20,2020-02-20,1.52,-0.04,-0.0259754864032606
2020-02-21,2020-02-21,1.46,-0.06,-0.0402738991379399
2020-02-24,2020-02-24,1.38,-0.08,-0.0563529365511317
2020-02-25,2020-02-25,1.33,-0.0499999999999998,-0.0369045569354507
2020-02-26,2020-02-26,1.33,0.0,0.0
2020-02-27,2020-02-27,1.3,-0.03,-0.0228146777661714
2020-02-28,2020-02-28,1.13,-0.1700000000000001,-0.1401466317432419
2020-03-02,2020-03-02,1.1,-0.0299999999999998,-0.0269074529199241
2020-03-03,2020-03-03,1.02,-0.08,-0.0755075525081451
2020-03-04,2020-03-04,1.02,0.0,0.0
2020-03-05,2020-03-05,0.92,-0.0999999999999999,-0.1031842362352307
2020-03-06,2020-03-06,0.74,-0.18,-0.2177234838448706
2020-03-09,2020-03-09,0.54,-0.1999999999999999,-0.3150810466398952
2020-03-10,2020-03-10,0.76,0.2199999999999999,0.3417492937220567
2020-03-11,2020-03-11,0.82,0.0599999999999999,0.075985906977922
2020-03-12,2020-03-12,0.88,0.06,0.0706175672139534
2020-03-13,2020-03-13,0.94,0.0599999999999999,0.0659579677917973
2020-03-16,2020-03-16,0.73,-0.2099999999999999,-0.2528353411216126
2020-03-17,2020-03-17,1.02,0.29,0.3345133721358799
2020-03-18,2020-03-18,1.18,0.1599999999999999,0.1457118111813936
2020-03-19,2020-03-19,1.12,-0.0599999999999998,-0.05218575317057
2020-03-20,2020-03-20,0.92,-0.2,-0.1967102942460542
2020-03-23,2020-03-23,0.76,-0.16,-0.1910552367627092
2020-03-24,2020-03-24,0.84,0.0799999999999999,0.1000834585569824
2020-03-25,2020-03-25,0.88,0.04,0.0465200156348929
2020-03-26,2020-03-26,0.83,-0.05,-0.0584962066816086
2020-03-27,2020-03-27,0.72,-0.1099999999999999,-0.1421744887805426
2020-03-30,2020-03-30,0.7,-0.02,-0.0281708769666963
2020-03-31,2020-03-31,0.7,0.0,0.0
2020-04-01,2020-04-01,0.62,-0.0799999999999999,-0.1213608570042673
2020-04-02,2020-04-02,0.63,0.01,0.0160003413464411
2020-04-03,2020-04-03,0.62,-0.01,-0.0160003413464411
2020-04-06,2020-04-06,0.67,0.05,0.0775582343458746
2020-04-07,2020-04-07,0.75,0.0799999999999999,0.1127954941453442
2020-04-08,2020-04-08,0.77,0.02,0.0263173083173733
2020-04-09,2020-04-09,0.73,-0.04,-0.0533459807052927
2020-04-10,2020-04-10,0.74,0.01,0.0136056520557786
2020-04-13,2020-04-13,0.76,0.02,0.0266682470821612
2020-04-14,2020-04-14,0.76,0.0,0.0
2020-04-15,2020-04-15,0.63,-0.13,-0.1875986138947983
2020-04-16,2020-04-16,0.61,-0.02,-0.0322608622182214
2020-04-17,2020-04-17,0.65,0.04,0.0635134057223259
2020-04-20,2020-04-20,0.63,-0.02,-0.0312525435041044
2020-04-21,2020-04-21,0.58,-0.05,-0.0826917158451134
2020-04-22,2020-04-22,0.63,0.05,0.0826917158451134
2020-04-23,2020-04-23,0.61,-0.02,-0.0322608622182214
2020-04-24,2020-04-24,0.6,-0.01,-0.0165293019512105
2020-04-27,2020-04-27,0.67,0.07,0.1103480571688654
2020-04-28,2020-04-28,0.62,-0.05,-0.0775582343458746
2020-04-29,2020-04-29,0.63,0.01,0.0160003413464411
2020-04-30,2020-04-30,0.64,0.01,0.0157483569681391
2020-05-01,2020-05-01,0.64,0.0,0.0
2020-05-04,2020-05-04,0.64,0.0,0.0
2020-05-05,2020-05-05,0.66,0.02,0.0307716586667536
2020-05-06,2020-05-06,0.72,0.0599999999999999,0.0870113769896297
2020-05-07,2020-05-07,0.63,-0.0899999999999999,-0.1335313926245226
2020-05-08,2020-05-08,0.69,0.0599999999999999,0.0909717782057265
2020-05-11,2020-05-11,0.73,0.04,0.0563529365511317
2020-05-12,2020-05-12,0.69,-0.04,-0.0563529365511317
2020-05-13,2020-05-13,0.64,-0.0499999999999999,-0.0752234212375873
2020-05-14,2020-05-14,0.63,-0.01,-0.0157483569681391
2020-05-15,2020-05-15,0.64,0.01,0.0157483569681391
2020-05-18,2020-05-18,0.73,0.0899999999999999,0.1315763577887192
2020-05-19,2020-05-19,0.7,-0.03,-0.0419641990990321
2020-05-20,2020-05-20,0.68,-0.0199999999999999,-0.0289875368732521
2020-05-21,2020-05-21,0.68,0.0,0.0
2020-05-22,2020-05-22,0.66,-0.02,-0.0298529631496811
2020-05-25,2020-05-25,0.68,0.02,0.0298529631496811
2020-05-26,2020-05-26,0.69,0.0099999999999998,0.0145987994211526
2020-05-27,2020-05-27,0.68,-0.0099999999999998,-0.0145987994211525
2020-05-28,2020-05-28,0.7,0.0199999999999999,0.0289875368732521
2020-05-29,2020-05-29,0.65,-0.0499999999999999,-0.0741079721537217
2020-06-01,2020-06-01,0.66,0.01,0.0152674721307883
2020-06-02,2020-06-02,0.68,0.02,0.0298529631496811
2020-06-03,2020-06-03,0.77,0.0899999999999999,0.1242977166775771
2020-06-04,2020-06-04,0.82,0.0499999999999999,0.0629138254105691
2020-06-05,2020-06-05,0.91,0.09,0.104140259252597
2020-06-08,2020-06-08,0.88,-0.03,-0.0335226920386435
2020-06-09,2020-06-09,0.84,-0.04,-0.0465200156348929
2020-06-10,2020-06-10,0.75,-0.0899999999999999,-0.1133286853070031
2020-06-11,2020-06-11,0.66,-0.0899999999999999,-0.1278333715098848
2020-06-12,2020-06-12,0.71,0.0499999999999999,0.0730251350148898
2020-06-15,2020-06-15,0.71,0.0,0.0
2020-06-16,2020-06-16,0.75,0.04,0.0548082364949951
2020-06-17,2020-06-17,0.74,-0.01,-0.0134230203321406
2020-06-18,2020-06-18,0.71,-0.03,-0.0413852161628543
2020-06-19,2020-06-19,0.7,-0.01,-0.0141846349919564
2020-06-22,2020-06-22,0.71,0.01,0.0141846349919563
2020-06-23,2020-06-23,0.72,0.01,0.0139862419747398
2020-06-24,2020-06-24,0.69,-0.03,-0.042559614418796
2020-06-25,2020-06-25,0.68,-0.0099999999999998,-0.0145987994211525
2020-06-26,2020-06-26,0.64,-0.04,-0.0606246218164348
2020-06-29,2020-06-29,0.64,0.0,0.0
2020-06-30,2020-06-30,0.66,0.02,0.0307716586667536
2020-07-01,2020-07-01,0.69,0.0299999999999999,0.0444517625708337
2020-07-02,2020-07-02,0.68,-0.0099999999999998,-0.0145987994211525
2020-07-03,2020-07-03,0.68,0.0,0.0
2020-07-06,2020-07-06,0.69,0.0099999999999998,0.0145987994211526
2020-07-07,2020-07-07,0.65,-0.0399999999999999,-0.0597192347016221
2020-07-08,2020-07-08,0.67,0.02,0.030305349495329
2020-07-09,2020-07-09,0.62,-0.05,-0.0775582343458746
2020-07-10,2020-07-10,0.65,0.03,0.0472528848505455
2020-07-13,2020-07-13,0.64,-0.01,-0.0155041865359653
2020-07-14,2020-07-14,0.63,-0.01,-0.0157483569681391
2020-07-15,2020-07-15,0.64,0.01,0.0157483569681391
2020-07-16,2020-07-16,0.62,-0.02,-0.0317486983145803
2020-07-17,2020-07-17,0.64,0.02,0.0317486983145802
2020-07-20,2020-07-20,0.62,-0.02,-0.0317486983145803
2020-07-21,2020-07-21,0.61,-0.01,-0.0162605208717802
2020-07-22,2020-07-22,0.6,-0.01,-0.0165293019512105
2020-07-23,2020-07-23,0.59,-0.01,-0.0168071183163812
2020-07-24,2020-07-24,0.59,0.0,0.0
2020-07-27,2020-07-27,0.62,0.03,0.0495969411393721
2020-07-28,2020-07-28,0.59,-0.03,-0.0495969411393721
2020-07-29,2020-07-29,0.58,-0.01,-0.0170944333593001
2020-07-30,2020-07-30,0.55,-0.0299999999999999,-0.0531098253139482
2020-07-31,2020-07-31,0.55,0.0,0.0
2020-08-03,2020-08-03,0.56,0.01,0.0180185055026784
2020-08-04,2020-08-04,0.52,-0.04,-0.0741079721537219
2020-08-05,2020-08-05,0.55,0.03,0.0560894666510435
2020-08-06,2020-08-06,0.55,0.0,0.0
2020-08-07,2020-08-07,0.57,0.0199999999999999,0.035718082602079
2020-08-10,2020-08-10,0.59,0.02,0.0344861760711694
2020-08-11,2020-08-11,0.64,0.05,0.0813456394539524
2020-08-12,2020-08-12,0.69,0.0499999999999999,0.0752234212375875
2020-08-13,2020-08-13,0.71,0.02,0.0285733724440561
2020-08-14,2020-08-14,0.71,0.0,0.0
2020-08-17,2020-08-17,0.69,-0.02,-0.0285733724440561
2020-08-18,2020-08-18,0.67,-0.0199999999999999,-0.0294138852062932
2020-08-19,2020-08-19,0.68,0.01,0.0148150857851406
2020-08-20,2020-08-20,0.65,-0.03,-0.0451204352804696
2020-08-21,2020-08-21,0.64,-0.01,-0.0155041865359653
2020-08-24,2020-08-24,0.65,0.01,0.0155041865359652
2020-08-25,2020-08-25,0.69,0.0399999999999999,0.059719234701622
2020-08-26,2020-08-26,0.69,0.0,0.0
2020-08-27,2020-08-27,0.74,0.05,0.0699585886069104
2020-08-28,2020-08-28,0.74,0.0,0.0
2020-08-31,2020-08-31,0.72,-0.02,-0.0273989741881145
2020-09-01,2020-09-01,0.68,-0.0399999999999999,-0.0571584138399485
2020-09-02,2020-09-02,0.66,-0.02,-0.0298529631496811
2020-09-03,2020-09-03,0.63,-0.03,-0.0465200156348929
2020-09-04,2020-09-04,0.72,0.0899999999999999,0.1335313926245225
2020-09-07,2020-09-07,0.7,-0.02,-0.0281708769666963
2020-09-08,2020-09-08,0.69,-0.01,-0.0143887374520996
2020-09-09,2020-09-09,0.71,0.02,0.0285733724440561
2020-09-10,2020-09-10,0.68,-0.0299999999999999,-0.0431721718652085
2020-09-11,2020-09-11,0.67,-0.01,-0.0148150857851407
2020-09-14,2020-09-14,0.68,0.01,0.0148150857851406
2020-09-15,2020-09-15,0.68,0.0,0.0
2020-09-16,2020-09-16,0.69,0.0099999999999998,0.0145987994211526
2020-09-17,2020-09-17,0.69,0.0,0.0
2020-09-18,2020-09-18,0.7,0.01,0.0143887374520996
2020-09-21,2020-09-21,0.68,-0.0199999999999999,-0.0289875368732521
2020-09-22,2020-09-22,0.68,0.0,0.0
2020-09-23,2020-09-23,0.68,0.0,0.0
2020-09-24,2020-09-24,0.67,-0.01,-0.0148150857851407
2020-09-25,2020-09-25,0.66,-0.01,-0.0150378773645405
2020-09-28,2020-09-28,0.67,0.01,0.0150378773645405
2020-09-29,2020-09-29,0.66,-0.01,-0.0150378773645405
2020-09-30,2020-09-30,0.69,0.0299999999999999,0.0444517625708337
2020-10-01,2020-10-01,0.68,-0.0099999999999998,-0.0145987994211525
2020-10-02,2020-10-02,0.7,0.0199999999999999,0.0289875368732521
2020-10-05,2020-10-05,0.78,0.08,0.1082135846402327
2020-10-06,2020-10-06,0.76,-0.02,-0.0259754864032606
2020-10-07,2020-10-07,0.81,0.05,0.0637158143861077
2020-10-08,2020-10-08,0.78,-0.03,-0.037740327982847
2020-10-09,2020-10-09,0.79,0.01,0.0127390257774297
2020-10-12,2020-10-12,0.75,-0.04,-0.0519597389307111
2020-10-13,2020-10-13,0.74,-0.01,-0.0134230203321406
2020-10-14,2020-10-14,0.73,-0.01,-0.0136056520557785
2020-10-15,2020-10-15,0.74,0.01,0.0136056520557786
2020-10-16,2020-10-16,0.76,0.02,0.0266682470821612
2020-10-19,2020-10-19,0.78,0.02,0.0259754864032607
2020-10-20,2020-10-20,0.81,0.03,0.0377403279828471
2020-10-21,2020-10-21,0.83,0.0199999999999999,0.024391453124159
2020-10-22,2020-10-22,0.87,0.04,0.0470675108579859
2020-10-23,2020-10-23,0.85,-0.02,-0.0232568621642672
2020-10-26,2020-10-26,0.81,-0.0399999999999999,-0.0482021018178776
2020-10-27,2020-10-27,0.79,-0.02,-0.0250013022054172
2020-10-28,2020-10-28,0.79,0.0,0.0
2020-10-29,2020-10-29,0.85,0.0599999999999999,0.0732034040232949
2020-10-30,2020-10-30,0.88,0.03,0.0346855579878901
2020-11-02,2020-11-02,0.87,-0.01,-0.0114286958236227
2020-11-03,2020-11-03,0.9,0.03,0.0339015516756814
2020-11-04,2020-11-04,0.78,-0.12,-0.1431008436406733
2020-11-05,2020-11-05,0.79,0.01,0.0127390257774297
2020-11-06,2020-11-06,0.83,0.0399999999999999,0.0493927553295762
2020-11-09,2020-11-09,0.96,0.13,0.1455075836712382
2020-11-10,2020-11-10,0.98,0.02,0.0206192872027356
2020-11-11,2020-11-11,0.93,-0.0499999999999999,-0.0523679855173159
2020-11-12,2020-11-12,0.88,-0.05,-0.0552626786750495
2020-11-13,2020-11-13,0.89,0.01,0.0112995552539334
2020-11-16,2020-11-16,0.91,0.02,0.0222231367847102
2020-11-17,2020-11-17,0.87,-0.04,-0.0449513878622663
2020-11-18,2020-11-18,0.88,0.01,0.0114286958236228
2020-11-19,2020-11-19,0.86,-0.02,-0.0229895182246987
2020-11-20,2020-11-20,0.83,-0.03,-0.0355066884569098
2020-11-23,2020-11-23,0.86,0.03,0.0355066884569098
2020-11-24,2020-11-24,0.88,0.02,0.0229895182246987
2020-11-25,2020-11-25,0.88,0.0,0.0
2020-11-26,2020-11-26,0.86,-0.02,-0.0229895182246987
2020-11-27,2020-11-27,0.84,-0.02,-0.0235304974101941
2020-11-30,2020-11-30,0.84,0.0,0.0
2020-12-01,2020-12-01,0.92,0.08,0.0909717782057267
2020-12-02,2020-12-02,0.95,0.0299999999999999,0.0320883145515004
2020-12-03,2020-12-03,0.92,-0.0299999999999999,-0.0320883145515003
2020-12-04,2020-12-04,0.97,0.0499999999999999,0.0529224014543425
2020-12-07,2020-12-07,0.94,-0.03,-0.0314161962333789
2020-12-08,2020-12-08,0.92,-0.0199999999999999,-0.0215062052209635
2020-12-09,2020-12-09,0.95,0.0299999999999999,0.0320883145515004
2020-12-10,2020-12-10,0.92,-0.0299999999999999,-0.0320883145515003
2020-12-11,2020-12-11,0.9,-0.02,-0.0219789067187752
2020-12-14,2020-12-14,0.9,0.0,0.0
2020-12-15,2020-12-15,0.92,0.02,0.0219789067187751
2020-12-16,2020-12-16,0.92,0.0,0.0
2020-12-17,2020-12-17,0.94,0.0199999999999999,0.0215062052209634
2020-12-18,2020-12-18,0.95,0.01,0.010582109330537
2020-12-21,2020-12-21,0.95,0.0,0.0
2020-12-22,2020-12-22,0.93,-0.0199999999999999,-0.0212773984472848
2020-12-23,2020-12-23,0.96,0.0299999999999999,0.0317486983145802
2020-12-24,2020-12-24,0.94,-0.02,-0.0210534091978323
2020-12-25,2020-12-25,0.94,0.0,0.0
2020-12-28,2020-12-28,0.94,0.0,0.0
2020-12-29,2020-12-29,0.94,0.0,0.0
2020-12-30,2020-12-30,0.93,-0.0099999999999998,-0.0106952891167478
2020-12-31,2020-12-31,0.93,0.0,0.0
2021-01-01,2021-01-01,0.93,0.0,0.0
2021-01-04,2021-01-04,0.93,0.0,0.0
2021-01-05,2021-01-05,0.96,0.0299999999999999,0.0317486983145802
2021-01-06,2021-01-06,1.04,0.08,0.0800427076735365
2021-01-07,2021-01-07,1.08,0.04,0.0377403279828471
2021-01-08,2021-01-08,1.13,0.0499999999999998,0.0452565915881206
2021-01-11,2021-01-11,1.15,0.02,0.0175443096509095
2021-01-12,2021-01-12,1.15,0.0,0.0
2021-01-13,2021-01-13,1.1,-0.0499999999999998,-0.0444517625708336
2021-01-14,2021-01-14,1.15,0.0499999999999998,0.0444517625708335
2021-01-15,2021-01-15,1.11,-0.0399999999999998,-0.0354019270509157
2021-01-18,2021-01-18,1.1,-0.01,-0.0090498355199179
2021-01-19,2021-01-19,1.1,0.0,0.0
2021-01-20,2021-01-20,1.1,0.0,0.0
2021-01-21,2021-01-21,1.12,0.02,0.0180185055026784
2021-01-22,2021-01-22,1.1,-0.02,-0.0180185055026783
2021-01-25,2021-01-25,1.05,-0.05,-0.0465200156348929
2021-01-26,2021-01-26,1.05,0.0,0.0
2021-01-27,2021-01-27,1.04,-0.01,-0.0095694510161506
2021-01-28,2021-01-28,1.07,0.03,0.0284379353205336
2021-01-29,2021-01-29,1.11,0.04,0.0367013668504279
2021-02-01,2021-02-01,1.09,-0.02,-0.0181823190831904
2021-02-02,2021-02-02,1.12,0.03,0.0271509890659508
2021-02-03,2021-02-03,1.15,0.0299999999999998,0.0264332570681554
2021-02-04,2021-02-04,1.15,0.0,0.0
2021-02-05,2021-02-05,1.19,0.04,0.0341913647482793
2021-02-08,2021-02-08,1.19,0.0,0.0
2021-02-09,2021-02-09,1.18,-0.01,-0.0084388686458645
2021-02-10,2021-02-10,1.15,-0.03,-0.0257524961024147
2021-02-11,2021-02-11,1.16,0.01,0.0086580627431145
2021-02-12,2021-02-12,1.2,0.04,0.0339015516756814
2021-02-15,2021-02-15,1.27,0.07,0.0566953436765452
2021-02-16,2021-02-16,1.3,0.03,0.0233473639969911
2021-02-17,2021-02-17,1.29,-0.01,-0.0077220460939102
2021-02-18,2021-02-18,1.29,0.0,0.0
2021-02-19,2021-02-19,1.34,0.05,0.0380273955892393
2021-02-22,2021-02-22,1.37,0.03,0.0221411258772135
2021-02-23,2021-02-23,1.37,0.0,0.0
2021-02-24,2021-02-24,1.38,0.0099999999999997,0.0072727593290796
2021-02-25,2021-02-25,1.54,0.1600000000000001,0.1096989172564245
2021-02-26,2021-02-26,1.44,-0.1,-0.0671393028376285
2021-03-01,2021-03-01,1.45,0.01,0.0069204428445737
2021-03-02,2021-03-02,1.42,-0.03,-0.0209066848193137
2021-03-03,2021-03-03,1.47,0.05,0.0346055291774755
2021-03-04,2021-03-04,1.54,0.07,0.0465200156348929
2021-03-05,2021-03-05,1.56,0.02,0.012903404835908
2021-03-08,2021-03-08,1.59,0.03,0.0190481949706944
2021-03-09,2021-03-09,1.55,-0.04,-0.0254790853009849
2021-03-10,2021-03-10,1.53,-0.02,-0.0129871955268111
2021-03-11,2021-03-11,1.54,0.01,0.0065146810211936
2021-03-12,2021-03-12,1.64,0.0999999999999998,0.0629138254105691
2021-03-15,2021-03-15,1.62,-0.0199999999999997,-0.0122700925918142
2021-03-16,2021-03-16,1.62,0.0,0.0
2021-03-17,2021-03-17,1.63,0.0099999999999997,0.006153865574378
2021-03-18,2021-03-18,1.71,0.08,0.0479133556958974
2021-03-19,2021-03-19,1.74,0.03,0.0173917427118692
2021-03-22,2021-03-22,1.69,-0.05,-0.0291565842914555
2021-03-23,2021-03-23,1.63,-0.06,-0.0361485141163112
2021-03-24,2021-03-24,1.62,-0.0099999999999997,-0.0061538655743781
2021-03-25,2021-03-25,1.63,0.0099999999999997,0.006153865574378
2021-03-26,2021-03-26,1.67,0.04,0.0242436116099928
2021-03-29,2021-03-29,1.73,0.06,0.0352977820810238
2021-03-30,2021-03-30,1.73,0.0,0.0
2021-03-31,2021-03-31,1.74,0.01,0.0057637047167501
2021-04-01,2021-04-01,1.69,-0.05,-0.0291565842914555
2021-04-02,2021-04-02,1.72,0.03,0.0175957618903796
2021-04-05,2021-04-05,1.73,0.01,0.0057971176843259
2021-04-06,2021-04-06,1.67,-0.06,-0.0352977820810238
2021-04-07,2021-04-07,1.68,0.01,0.0059701669865037
2021-04-08,2021-04-08,1.64,-0.04,-0.0240975515790605
2021-04-09,2021-04-09,1.67,0.03,0.0181273845925567
2021-04-12,2021-04-12,1.69,0.02,0.0119049025063184
2021-04-13,2021-04-13,1.64,-0.05,-0.030032287098875
2021-04-14,2021-04-14,1.64,0.0,0.0
2021-04-15,2021-04-15,1.56,-0.0799999999999998,-0.0500104205746613
2021-04-16,2021-04-16,1.59,0.03,0.0190481949706944
2021-04-19,2021-04-19,1.61,0.02,0.0125001627642314
2021-04-20,2021-04-20,1.58,-0.03,-0.0188093319574962
2021-04-21,2021-04-21,1.57,-0.01,-0.0063492276786587
2021-04-22,2021-04-22,1.57,0.0,0.0
2021-04-23,2021-04-23,1.58,0.01,0.0063492276786587
2021-04-26,2021-04-26,1.58,0.0,0.0
2021-04-27,2021-04-27,1.63,0.0499999999999998,0.0311551677797954
2021-04-28,2021-04-28,1.63,0.0,0.0
2021-04-29,2021-04-29,1.65,0.02,0.0121952730938182
2021-04-30,2021-04-30,1.65,0.0,0.0
2021-05-03,2021-05-03,1.63,-0.02,-0.0121952730938182
2021-05-04,2021-05-04,1.61,-0.0199999999999997,-0.0123458358222992
2021-05-05,2021-05-05,1.59,-0.02,-0.0125001627642314
2021-05-06,2021-05-06,1.58,-0.01,-0.0063091691932647
2021-05-07,2021-05-07,1.6,0.02,0.0125787822068601
2021-05-10,2021-05-10,1.63,0.0299999999999998,0.0185763855729352
2021-05-11,2021-05-11,1.64,0.01,0.006116227017436
2021-05-12,2021-05-12,1.69,0.05,0.030032287098875
2021-05-13,2021-05-13,1.66,-0.03,-0.0179109265665302
2021-05-14,2021-05-14,1.63,-0.03,-0.0182375875497809
2021-05-17,2021-05-17,1.64,0.01,0.006116227017436
2021-05-18,2021-05-18,1.64,0.0,0.0
2021-05-19,2021-05-19,1.68,0.04,0.0240975515790605
2021-05-20,2021-05-20,1.63,-0.05,-0.0302137785964965
2021-05-21,2021-05-21,1.63,0.0,0.0
2021-05-24,2021-05-24,1.61,-0.0199999999999997,-0.0123458358222992
2021-05-25,2021-05-25,1.56,-0.05,-0.031548357734926
2021-05-26,2021-05-26,1.58,0.02,0.0127390257774297
2021-05-27,2021-05-27,1.61,0.03,0.0188093319574962
2021-05-28,2021-05-28,1.58,-0.03,-0.0188093319574962
2021-05-31,2021-05-31,1.61,0.03,0.0188093319574962
2021-06-01,2021-06-01,1.62,0.01,0.0061919702479209
2021-06-02,2021-06-02,1.59,-0.03,-0.0186921330121525
2021-06-03,2021-06-03,1.63,0.0399999999999998,0.0248459985865305
2021-06-04,2021-06-04,1.56,-0.0699999999999998,-0.0438941935572251
2021-06-07,2021-06-07,1.57,0.01,0.0063897980987709
2021-06-08,2021-06-08,1.53,-0.04,-0.0258078839558725
2021-06-09,2021-06-09,1.5,-0.03,-0.0198026272961797
2021-06-10,2021-06-10,1.45,-0.05,-0.0339015516756813
2021-06-11,2021-06-11,1.47,0.02,0.0136988443581619
2021-06-14,2021-06-14,1.51,0.04,0.026847250036188
2021-06-15,2021-06-15,1.51,0.0,0.0
2021-06-16,2021-06-16,1.57,0.06,0.0389659685333837
2021-06-17,2021-06-17,1.52,-0.05,-0.0323652845020316
2021-06-18,2021-06-18,1.45,-0.07,-0.047146778425702
2021-06-21,2021-06-21,1.5,0.05,0.0339015516756814
2021-06-22,2021-06-22,1.48,-0.02,-0.0134230203321406
2021-06-23,2021-06-23,1.5,0.02,0.0134230203321407
2021-06-24,2021-06-24,1.49,-0.01,-0.0066889881507966
2021-06-25,2021-06-25,1.54,0.05,0.03300629646817
2021-06-28,2021-06-28,1.49,-0.05,-0.03300629646817
2021-06-29,2021-06-29,1.49,0.0,0.0
2021-06-30,2021-06-30,1.45,-0.04,-0.0272125635248848
2021-07-01,2021-07-01,1.48,0.03,0.0204785313435407
2021-07-02,2021-07-02,1.44,-0.04,-0.0273989741881145
2021-07-05,2021-07-05,1.39,-0.05,-0.0353393664453088
2021-07-06,2021-07-06,1.37,-0.0199999999999997,-0.0144930073025666
2021-07-07,2021-07-07,1.33,-0.04,-0.0296317976063712
2021-07-08,2021-07-08,1.3,-0.03,-0.0228146777661714
2021-07-09,2021-07-09,1.37,0.07,0.0524464753725425
2021-07-12,2021-07-12,1.38,0.0099999999999997,0.0072727593290796
2021-07-13,2021-07-13,1.42,0.04,0.0285733724440561
2021-07-14,2021-07-14,1.37,-0.0499999999999998,-0.0358461317731356
2021-07-15,2021-07-15,1.31,-0.06,-0.0447836026269734
2021-07-16,2021-07-16,1.31,0.0,0.0
2021-07-19,2021-07-19,1.19,-0.1200000000000001,-0.0960738300896222
2021-07-20,2021-07-20,1.23,0.04,0.0330608622608882
2021-07-21,2021-07-21,1.3,0.07,0.0553500950831649
2021-07-22,2021-07-22,1.27,-0.03,-0.0233473639969911
2021-07-23,2021-07-23,1.3,0.03,0.0233473639969911
2021-07-26,2021-07-26,1.29,-0.01,-0.0077220460939102
2021-07-27,2021-07-27,1.25,-0.04,-0.031498667059371
2021-07-28,2021-07-28,1.26,0.01,0.0079681696491768
2021-07-29,2021-07-29,1.28,0.02,0.0157483569681391
2021-07-30,2021-07-30,1.24,-0.04,-0.0317486983145803
2021-08-02,2021-08-02,1.2,-0.04,-0.0327898228229909
2021-08-03,2021-08-03,1.19,-0.01,-0.0083682496705165
2021-08-04,2021-08-04,1.19,0.0,0.0
2021-08-05,2021-08-05,1.23,0.04,0.0330608622608882
2021-08-06,2021-08-06,1.31,0.08,0.0630129678287341
2021-08-09,2021-08-09,1.33,0.02,0.0151518050206022
2021-08-10,2021-08-10,1.36,0.03,0.0223057575142981
2021-08-11,2021-08-11,1.35,-0.01,-0.0073801072976225
2021-08-12,2021-08-12,1.36,0.01,0.0073801072976224
2021-08-13,2021-08-13,1.29,-0.07,-0.0528424813743799
2021-08-16,2021-08-16,1.26,-0.03,-0.0235304974101941
2021-08-17,2021-08-17,1.26,0.0,0.0
2021-08-18,2021-08-18,1.27,0.01,0.0079051795071132
2021-08-19,2021-08-19,1.24,-0.03,-0.0239055208535544
2021-08-20,2021-08-20,1.26,0.02,0.0160003413464411
2021-08-23,2021-08-23,1.25,-0.01,-0.0079681696491768
2021-08-24,2021-08-24,1.29,0.04,0.031498667059371
2021-08-25,2021-08-25,1.35,0.06,0.0454623740767574
2021-08-26,2021-08-26,1.34,-0.01,-0.007434978487518
2021-08-27,2021-08-27,1.31,-0.03,-0.0226424767497598
2021-08-30,2021-08-30,1.29,-0.02,-0.0153849188394794
2021-08-31,2021-08-31,1.3,0.01,0.0077220460939103
2021-09-01,2021-09-01,1.31,0.01,0.007662872745569
2021-09-02,2021-09-02,1.29,-0.02,-0.0153849188394794
2021-09-03,2021-09-03,1.33,0.04,0.0305367238600817
2021-09-06,2021-09-06,1.37,0.04,0.0296317976063711
2021-09-07,2021-09-07,1.38,0.0099999999999997,0.0072727593290796
2021-09-08,2021-09-08,1.35,-0.0299999999999998,-0.0219789067187751
2021-09-09,2021-09-09,1.3,-0.05,-0.037740327982847
2021-09-10,2021-09-10,1.35,0.05,0.0377403279828471
2021-09-13,2021-09-13,1.33,-0.02,-0.0149256502166757
2021-09-14,2021-09-14,1.28,-0.05,-0.0383188643021366
2021-09-15,2021-09-15,1.31,0.03,0.0231670592815343
2021-09-16,2021-09-16,1.34,0.03,0.0226424767497597
2021-09-17,2021-09-17,1.37,0.03,0.0221411258772135
2021-09-20,2021-09-20,1.31,-0.06,-0.0447836026269734
2021-09-21,2021-09-21,1.33,0.02,0.0151518050206022
2021-09-22,2021-09-22,1.32,-0.01,-0.0075472056353829
2021-09-23,2021-09-23,1.41,0.0899999999999998,0.0659579677917973
2021-09-24,2021-09-24,1.47,0.06,0.041672696400568
2021-09-27,2021-09-27,1.48,0.01,0.0067796869853787
2021-09-28,2021-09-28,1.54,0.06,0.0397403286495141
2021-09-29,2021-09-29,1.55,0.01,0.0064725145056175
2021-09-30,2021-09-30,1.52,-0.03,-0.0195445960729702
2021-10-01,2021-10-01,1.48,-0.04,-0.0266682470821612
2021-10-04,2021-10-04,1.49,0.01,0.0067340321813441
2021-10-05,2021-10-05,1.54,0.05,0.03300629646817
2021-10-06,2021-10-06,1.53,-0.01,-0.0065146810211937
2021-10-07,2021-10-07,1.58,0.05,0.0321571116345314
2021-10-08,2021-10-08,1.61,0.03,0.0188093319574962
2021-10-11,2021-10-11,1.6,-0.01,-0.006230549750636
2021-10-12,2021-10-12,1.59,-0.01,-0.0062696130135953
2021-10-13,2021-10-13,1.56,-0.03,-0.0190481949706944
2021-10-14,2021-10-14,1.52,-0.04,-0.0259754864032606
2021-10-15,2021-10-15,1.59,0.07,0.0450236813739551
2021-10-18,2021-10-18,1.59,0.0,0.0
2021-10-19,2021-10-19,1.65,0.0599999999999998,0.037041271680349
2021-10-20,2021-10-20,1.65,0.0,0.0
2021-10-21,2021-10-21,1.68,0.03,0.0180185055026784
2021-10-22,2021-10-22,1.66,-0.02,-0.0119761910467156
2021-10-25,2021-10-25,1.64,-0.02,-0.0121213605323448
2021-10-26,2021-10-26,1.63,-0.01,-0.006116227017436
2021-10-27,2021-10-27,1.54,-0.0899999999999998,-0.056797598393133
2021-10-28,2021-10-28,1.57,0.03,0.0192932029346788
2021-10-29,2021-10-29,1.55,-0.02,-0.0128206884290614
2021-11-01,2021-11-01,1.58,0.03,0.0191699161077201
2021-11-02,2021-11-02,1.56,-0.02,-0.0127390257774297
2021-11-03,2021-11-03,1.6,0.04,0.02531780798429
2021-11-04,2021-11-04,1.53,-0.07,-0.0447358938413915
2021-11-05,2021-11-05,1.45,-0.08,-0.0537041789718611
2021-11-08,2021-11-08,1.51,0.06,0.04054609439435
2021-11-09,2021-11-09,1.46,-0.05,-0.0336732151065879
2021-11-10,2021-11-10,1.56,0.1,0.0662493855412006
2021-11-11,2021-11-11,1.57,0.01,0.0063897980987709
2021-11-12,2021-11-12,1.58,0.01,0.0063492276786587
2021-11-15,2021-11-15,1.63,0.0499999999999998,0.0311551677797954
2021-11-16,2021-11-16,1.63,0.0,0.0
2021-11-17,2021-11-17,1.6,-0.0299999999999998,-0.0185763855729353
2021-11-18,2021-11-18,1.59,-0.01,-0.0062696130135953
2021-11-19,2021-11-19,1.54,-0.05,-0.0319515998066023
2021-11-22,2021-11-22,1.63,0.0899999999999998,0.056797598393133
2021-11-23,2021-11-23,1.67,0.04,0.0242436116099928
2021-11-24,2021-11-24,1.64,-0.03,-0.0181273845925567
2021-11-25,2021-11-25,1.56,-0.0799999999999998,-0.0500104205746613
2021-11-26,2021-11-26,1.48,-0.08,-0.052643733485422
2021-11-29,2021-11-29,1.52,0.04,0.0266682470821612
2021-11-30,2021-11-30,1.43,-0.09,-0.0610358905863691
2021-12-01,2021-12-01,1.43,0.0,0.0
2021-12-02,2021-12-02,1.44,0.01,0.0069686693160934
2021-12-03,2021-12-03,1.35,-0.0899999999999998,-0.064538521137571
2021-12-06,2021-12-06,1.43,0.0799999999999998,0.0575698518214777
2021-12-07,2021-12-07,1.48,0.05,0.0343676435042078
2021-12-08,2021-12-08,1.52,0.04,0.0266682470821612
2021-12-09,2021-12-09,1.49,-0.03,-0.0199342149008172
2021-12-10,2021-12-10,1.48,-0.01,-0.006734032181344
2021-12-13,2021-12-13,1.42,-0.06,-0.0413852161628543
2021-12-14,2021-12-14,1.44,0.02,0.0139862419747398
2021-12-15,2021-12-15,1.47,0.03,0.0206192872027356
2021-12-16,2021-12-16,1.44,-0.03,-0.0206192872027357
2021-12-17,2021-12-17,1.41,-0.03,-0.0210534091978323
2021-12-20,2021-12-20,1.43,0.02,0.014084739881739
2021-12-21,2021-12-21,1.48,0.05,0.0343676435042078
2021-12-22,2021-12-22,1.46,-0.02,-0.0136056520557785
2021-12-23,2021-12-23,1.5,0.04,0.0270286723879194
2021-12-24,2021-12-24,1.5,0.0,0.0
2021-12-27,2021-12-27,1.48,-0.02,-0.0134230203321406
2021-12-28,2021-12-28,1.49,0.01,0.0067340321813441
2021-12-29,2021-12-29,1.55,0.06,0.0394788109737874
2021-12-30,2021-12-30,1.52,-0.03,-0.0195445960729702
2021-12-31,2021-12-31,1.52,0.0,0.0
2022-01-03,2022-01-03,1.63,0.1099999999999998,0.0698696799604857
2022-01-04,2022-01-04,1.66,0.03,0.018237587549781
2022-01-05,2022-01-05,1.71,0.05,0.0296757681461165
2022-01-06,2022-01-06,1.73,0.02,0.0116280379951192
2022-01-07,2022-01-07,1.76,0.03,0.0171924005403727
2022-01-10,2022-01-10,1.78,0.02,0.0112995552539334
2022-01-11,2022-01-11,1.75,-0.03,-0.0169975763685711
2022-01-12,2022-01-12,1.74,-0.01,-0.0057306747089849
2022-01-13,2022-01-13,1.7,-0.04,-0.0232568621642672
2022-01-14,2022-01-14,1.78,0.08,0.0459851132418234
2022-01-17,2022-01-17,1.85,0.07,0.0385722747862396
2022-01-18,2022-01-18,1.87,0.02,0.0107527917762619
2022-01-19,2022-01-19,1.83,-0.04,-0.0216224640131656
2022-01-20,2022-01-20,1.83,0.0,0.0
2022-01-21,2022-01-21,1.75,-0.08,-0.0447001789179069
2022-01-24,2022-01-24,1.75,0.0,0.0
2022-01-25,2022-01-25,1.78,0.03,0.016997576368571
2022-01-26,2022-01-26,1.85,0.07,0.0385722747862396
2022-01-27,2022-01-27,1.81,-0.04,-0.021858793812499
2022-01-28,2022-01-28,1.78,-0.03,-0.0167134809737406
2022-01-31,2022-01-31,1.79,0.01,0.0056022555486697
2022-02-01,2022-02-01,1.81,0.02,0.0111112254250708
2022-02-02,2022-02-02,1.78,-0.03,-0.0167134809737406
2022-02-03,2022-02-03,1.82,0.04,0.0222231367847102
2022-02-04,2022-02-04,1.93,0.1099999999999998,0.0586835018280902
2022-02-07,2022-02-07,1.92,-0.01,-0.005194816877104
2022-02-08,2022-02-08,1.96,0.04,0.0206192872027356
2022-02-09,2022-02-09,1.94,-0.02,-0.0102565001671891
2022-02-10,2022-02-10,2.03,0.0899999999999998,0.045347819978459
2022-02-11,2022-02-11,1.92,-0.1099999999999998,-0.0557106070140057
2022-02-14,2022-02-14,1.98,0.06,0.0307716586667536
2022-02-15,2022-02-15,2.05,0.0699999999999998,0.0347429484438728
2022-02-16,2022-02-16,2.03,-0.02,-0.0098040000966208
2022-02-17,2022-02-17,1.97,-0.0599999999999998,-0.0300022503037987
2022-02-18,2022-02-18,1.92,-0.05,-0.025708356710207
2022-02-21,2022-02-21,1.93,0.01,0.0051948168771039
2022-02-22,2022-02-22,1.94,0.01,0.0051679701584425
2022-02-23,2022-02-23,1.99,0.05,0.0254466656611643
2022-02-24,2022-02-24,1.96,-0.03,-0.0151901654939752
2022-02-25,2022-02-25,1.97,0.01,0.0050890695074712
2022-02-28,2022-02-28,1.83,-0.1399999999999999,-0.0737175758965675
2022-03-01,2022-03-01,1.72,-0.1100000000000001,-0.0619916760279679
2022-03-02,2022-03-02,1.86,0.1400000000000001,0.0782521968997483
2022-03-03,2022-03-03,1.86,0.0,0.0
2022-03-04,2022-03-04,1.74,-0.1200000000000001,-0.0666913744986722
2022-03-07,2022-03-07,1.78,0.04,0.022728251077556
2022-03-08,2022-03-08,1.86,0.08,0.0439631234211162
2022-03-09,2022-03-09,1.94,0.0799999999999998,0.0421114853501268
2022-03-10,2022-03-10,1.98,0.04,0.020408871631207
2022-03-11,2022-03-11,2.0,0.02,0.0100503358535015
2022-03-14,2022-03-14,2.14,0.1400000000000001,0.0676586484738148
2022-03-15,2022-03-15,2.15,0.0099999999999997,0.0046620131058111
2022-03-16,2022-03-16,2.19,0.04,0.0184337016888379
2022-03-17,2022-03-17,2.2,0.0100000000000002,0.0045558165358608
2022-03-18,2022-03-18,2.14,-0.06,-0.0276515313305101
2022-03-21,2022-03-21,2.32,0.1799999999999997,0.0807613566444583
2022-03-22,2022-03-22,2.38,0.06,0.0255333020051648
2022-03-23,2022-03-23,2.32,-0.06,-0.0255333020051647
2022-03-24,2022-03-24,2.34,0.02,0.0085837436913914
2022-03-25,2022-03-25,2.48,0.1400000000000001,0.0581076308072807
2022-03-28,2022-03-28,2.46,-0.02,-0.0080972102326193
2022-03-29,2022-03-29,2.41,-0.0499999999999998,-0.0205346024417077
2022-03-30,2022-03-30,2.35,-0.06,-0.025211419346496
2022-03-31,2022-03-31,2.32,-0.0300000000000002,-0.0128481424778491
2022-04-01,2022-04-01,2.39,0.0700000000000002,0.0297261802652009
2022-04-04,2022-04-04,2.42,0.0299999999999998,0.0124741742251755
2022-04-05,2022-04-05,2.54,0.1200000000000001,0.0483965408618502
2022-04-06,2022-04-06,2.61,0.0699999999999998,0.0271861403041567
2022-04-07,2022-04-07,2.66,0.0500000000000002,0.0189759014590058
2022-04-08,2022-04-08,2.72,0.06,0.0223057575142981
2022-04-11,2022-04-11,2.79,0.0699999999999998,0.0254097155253682
2022-04-12,2022-04-12,2.72,-0.0699999999999998,-0.0254097155253682
2022-04-13,2022-04-13,2.7,-0.02,-0.0073801072976225
2022-04-14,2022-04-14,2.83,0.1299999999999999,0.0470249386448627
2022-04-15,2022-04-15,2.84,0.0099999999999997,0.0035273405179684
2022-04-18,2022-04-18,2.85,0.0100000000000002,0.0035149421074445
2022-04-19,2022-04-19,2.93,0.08,0.0276834287484168
2022-04-20,2022-04-20,2.85,-0.08,-0.0276834287484168
2022-04-21,2022-04-21,2.9,0.0499999999999998,0.017391742711869
2022-04-22,2022-04-22,2.9,0.0,0.0
2022-04-25,2022-04-25,2.81,-0.0899999999999998,-0.0315262536467738
2022-04-26,2022-04-26,2.77,-0.04,-0.0143371631464073
2022-04-27,2022-04-27,2.82,0.0499999999999998,0.0178895647507751
2022-04-28,2022-04-28,2.85,0.0300000000000002,0.010582109330537
2022-04-29,2022-04-29,2.89,0.04,0.0139375078437816
2022-05-02,2022-05-02,2.99,0.1,0.0340168852782543
2022-05-03,2022-05-03,2.97,-0.02,-0.0067114345879868
2022-05-04,2022-05-04,2.93,-0.04,-0.0135595297856323
2022-05-05,2022-05-05,3.05,0.1199999999999996,0.0401391675903442
2022-05-06,2022-05-06,3.12,0.0700000000000002,0.0226914112020708
2022-05-09,2022-05-09,3.05,-0.0700000000000002,-0.0226914112020708
2022-05-10,2022-05-10,2.99,-0.0599999999999996,-0.019868203216725
2022-05-11,2022-05-11,2.91,-0.08,-0.0271203062191938
2022-05-12,2022-05-12,2.84,-0.0700000000000002,-0.0243490290102866
2022-05-13,2022-05-13,2.93,0.0900000000000003,0.0311983708558613
2022-05-16,2022-05-16,2.88,-0.0500000000000002,-0.0172121288811215
2022-05-17,2022-05-17,2.98,0.1,0.0341330063694586
2022-05-18,2022-05-18,2.89,-0.0899999999999998,-0.0306667983929721
2022-05-19,2022-05-19,2.84,-0.0500000000000002,-0.0174524499512261
2022-05-20,2022-05-20,2.78,-0.06,-0.0213531244705689
2022-05-23,2022-05-23,2.86,0.08,0.0283706971292155
2022-05-24,2022-05-24,2.76,-0.1,-0.0355909451027026
2022-05-25,2022-05-25,2.75,-0.0099999999999997,-0.0036297680505786
2022-05-26,2022-05-26,2.75,0.0,0.0
2022-05-27,2022-05-27,2.74,-0.0099999999999997,-0.0036429912785009
2022-05-30,2022-05-30,2.82,0.0799999999999996,0.0287789645500433
2022-05-31,2022-05-31,2.85,0.0300000000000002,0.010582109330537
2022-06-01,2022-06-01,2.94,0.0899999999999998,0.0310905870700309
2022-06-02,2022-06-02,2.92,-0.02,-0.0068259650703998
2022-06-03,2022-06-03,2.96,0.04,0.0136056520557786
2022-06-06,2022-06-06,3.04,0.08,0.0266682470821612
2022-06-07,2022-06-07,2.98,-0.06,-0.0199342149008172
2022-06-08,2022-06-08,3.03,0.0499999999999998,0.0166393190039647
2022-06-09,2022-06-09,3.04,0.0100000000000002,0.0032948958968527
2022-06-10,2022-06-10,3.15,0.1099999999999998,0.0355449374194112
2022-06-13,2022-06-13,3.43,0.2800000000000002,0.0851578083403069
2022-06-14,2022-06-14,3.49,0.06,0.0173414750364871
2022-06-15,2022-06-15,3.33,-0.1600000000000001,-0.0469294322219833
2022-06-16,2022-06-16,3.28,-0.0500000000000002,-0.0151288815963002
2022-06-17,2022-06-17,3.25,-0.0299999999999998,-0.0091884260544061
2022-06-20,2022-06-20,3.3,0.0499999999999998,0.0152674721307883
2022-06-21,2022-06-21,3.31,0.0100000000000002,0.0030257209165371
2022-06-22,2022-06-22,3.16,-0.1499999999999999,-0.0463761617901507
2022-06-23,2022-06-23,3.09,-0.0700000000000002,-0.0224009366891667
2022-06-24,2022-06-24,3.13,0.04,0.0128619136424078
2022-06-27,2022-06-27,3.2,0.0700000000000002,0.0221178052536191
2022-06-28,2022-06-28,3.2,0.0,0.0
2022-06-29,2022-06-29,3.1,-0.1,-0.0317486983145803
2022-06-30,2022-06-30,2.98,-0.1200000000000001,-0.0394788109737874
2022-07-01,2022-07-01,2.88,-0.1,-0.0341330063694585
2022-07-04,2022-07-04,2.84,-0.04,-0.0139862419747399
2022-07-05,2022-07-05,2.82,-0.02,-0.0070671672230924
2022-07-06,2022-07-06,2.93,0.1100000000000003,0.0382655380789538
2022-07-07,2022-07-07,3.01,0.0799999999999996,0.0269376557318083
2022-07-08,2022-07-08,3.09,0.08,0.0262310121488696
2022-07-11,2022-07-11,2.99,-0.0999999999999996,-0.0328977035070588
2022-07-12,2022-07-12,2.96,-0.0300000000000002,-0.0100841190666261
2022-07-13,2022-07-13,2.91,-0.0499999999999998,-0.0170361871525678
2022-07-14,2022-07-14,2.96,0.0499999999999998,0.0170361871525678
2022-07-15,2022-07-15,2.93,-0.0299999999999998,-0.010186845306993
2022-07-18,2022-07-18,2.96,0.0299999999999998,0.0101868453069929
2022-07-19,2022-07-19,3.01,0.0499999999999998,0.0167508104248153
2022-07-20,2022-07-20,3.04,0.0300000000000002,0.0099174366573461
2022-07-21,2022-07-21,2.91,-0.1299999999999999,-0.0437044342347291
2022-07-22,2022-07-22,2.77,-0.1400000000000001,-0.049305760984154
2022-07-25,2022-07-25,2.81,0.04,0.0143371631464072
2022-07-26,2022-07-26,2.81,0.0,0.0
2022-07-27,2022-07-27,2.78,-0.0300000000000002,-0.0107335556431087
2022-07-28,2022-07-28,2.68,-0.0999999999999996,-0.0366341331797802
2022-07-29,2022-07-29,2.67,-0.0100000000000002,-0.0037383221106072
2022-08-01,2022-08-01,2.6,-0.0699999999999998,-0.0265670273847217
2022-08-02,2022-08-02,2.75,0.1499999999999999,0.0560894666510435
2022-08-03,2022-08-03,2.73,-0.02,-0.0072993024816116
2022-08-04,2022-08-04,2.68,-0.0499999999999998,-0.0184848146741029
2022-08-05,2022-08-05,2.83,0.1499999999999999,0.0544599171323808
2022-08-08,2022-08-08,2.77,-0.06,-0.0214293914558991
2022-08-09,2022-08-09,2.8,0.0299999999999998,0.010772096981911
2022-08-10,2022-08-10,2.78,-0.02,-0.0071684894786125
2022-08-11,2022-08-11,2.87,0.0900000000000003,0.031861102068984
2022-08-12,2022-08-12,2.84,-0.0300000000000002,-0.0105079775984152
2022-08-15,2022-08-15,2.79,-0.0499999999999998,-0.0177624563398403
2022-08-16,2022-08-16,2.82,0.0299999999999998,0.0106952891167479
2022-08-17,2022-08-17,2.89,0.0700000000000002,0.0245196171743186
2022-08-18,2022-08-18,2.88,-0.0100000000000002,-0.0034662079764862
2022-08-19,2022-08-19,2.98,0.1,0.0341330063694586
2022-08-22,2022-08-22,3.03,0.0499999999999998,0.0166393190039647
2022-08-23,2022-08-23,3.05,0.02,0.0065789710980425
2022-08-24,2022-08-24,3.11,0.06,0.0194811355718224
2022-08-25,2022-08-25,3.03,-0.08,-0.026060106669865
2022-08-26,2022-08-26,3.04,0.0100000000000002,0.0032948958968527
2022-08-29,2022-08-29,3.12,0.08,0.0259754864032607
2022-08-30,2022-08-30,3.11,-0.0100000000000002,-0.0032102756302483
2022-08-31,2022-08-31,3.15,0.04,0.012779726646399
2022-09-01,2022-09-01,3.26,0.1099999999999998,0.0343247425410744
2022-09-02,2022-09-02,3.2,-0.0599999999999996,-0.0185763855729353
2022-09-05,2022-09-05,3.3,0.0999999999999996,0.0307716586667534
2022-09-06,2022-09-06,3.33,0.0300000000000002,0.009049835519918
2022-09-07,2022-09-07,3.27,-0.06,-0.0181823190831904
2022-09-08,2022-09-08,3.29,0.02,0.0060975798681185
2022-09-09,2022-09-09,3.33,0.04,0.012084739215072
2022-09-12,2022-09-12,3.37,0.04,0.0119404403719178
2022-09-13,2022-09-13,3.42,0.0499999999999998,0.0147278067102433
2022-09-14,2022-09-14,3.41,-0.0099999999999997,-0.0029282597790883
2022-09-15,2022-09-15,3.45,0.04,0.0116619397478429
2022-09-16,2022-09-16,3.45,0.0,0.0
2022-09-19,2022-09-19,3.49,0.04,0.0115275051710674
2022-09-20,2022-09-20,3.57,0.0799999999999996,0.0226638595772118
2022-09-21,2022-09-21,3.51,-0.06,-0.0169495583137733
2022-09-22,2022-09-22,3.7,0.1900000000000004,0.0527167821724044
2022-09-23,2022-09-23,3.69,-0.0100000000000002,-0.002706361597743
2022-09-26,2022-09-26,3.88,0.1899999999999999,0.0502086955827462
2022-09-27,2022-09-27,3.97,0.0900000000000003,0.0229309410639171
2022-09-28,2022-09-28,3.72,-0.25,-0.0650424264140438
2022-09-29,2022-09-29,3.76,0.0399999999999995,0.0106952891167479
2022-09-30,2022-09-30,3.83,0.0700000000000002,0.0184458457907516
2022-10-03,2022-10-03,3.67,-0.1600000000000001,-0.0426731411260757
2022-10-04,2022-10-04,3.62,-0.0499999999999998,-0.0137176362287991
2022-10-05,2022-10-05,3.76,0.1399999999999996,0.0379449315641234
2022-10-06,2022-10-06,3.83,0.0700000000000002,0.0184458457907516
2022-10-07,2022-10-07,3.89,0.06,0.0155443544378003
2022-10-10,2022-10-10,3.92,0.0299999999999998,0.0076824961720162
2022-10-11,2022-10-11,3.93,0.0100000000000002,0.0025477720787987
2022-10-12,2022-10-12,3.91,-0.02,-0.0051020518838955
2022-10-13,2022-10-13,3.97,0.06,0.0152287207018246
2022-10-14,2022-10-14,4.0,0.0299999999999998,0.0075282664207915
2022-10-17,2022-10-17,4.02,0.0199999999999995,0.0049875415110389
2022-10-18,2022-10-18,4.01,-0.0099999999999997,-0.0024906613124518
2022-10-19,2022-10-19,4.14,0.1299999999999999,0.031904546518745
2022-10-20,2022-10-20,4.24,0.1000000000000005,0.0238674814066434
2022-10-21,2022-10-21,4.21,-0.0300000000000002,-0.0071006215495764
2022-10-24,2022-10-24,4.25,0.04,0.0094563352420354
2022-10-25,2022-10-25,4.1,-0.1500000000000003,-0.0359320092260634
2022-10-26,2022-10-26,4.04,-0.0599999999999996,-0.0147422817372033
2022-10-27,2022-10-27,3.96,-0.08,-0.0200006667066695
2022-10-28,2022-10-28,4.02,0.0599999999999996,0.0150378773645405
2022-10-31,2022-10-31,4.1,0.08,0.0197050710793323
2022-11-01,2022-11-01,4.07,-0.0299999999999993,-0.0073439742557583
2022-11-02,2022-11-02,4.1,0.0299999999999993,0.0073439742557582
2022-11-03,2022-11-03,4.14,0.04,0.0097088141269609
2022-11-04,2022-11-04,4.17,0.0300000000000002,0.007220247973487
2022-11-07,2022-11-07,4.22,0.0499999999999998,0.0119190922372102
2022-11-08,2022-11-08,4.14,-0.08,-0.0191393402106973
2022-11-09,2022-11-09,4.12,-0.0199999999999995,-0.0048426244757879
2022-11-10,2022-11-10,3.82,-0.3000000000000002,-0.0756027407429512
2022-11-11,2022-11-11,3.84,0.02,0.0052219439811516
2022-11-14,2022-11-14,3.88,0.04,0.0103627870355466
2022-11-15,2022-11-15,3.8,-0.08,-0.020834086902842
2022-11-16,2022-11-16,3.67,-0.1299999999999999,-0.0348094046658611
2022-11-17,2022-11-17,3.77,0.1,0.0268833393934404
2022-11-18,2022-11-18,3.82,0.0499999999999998,0.0131754211585643
2022-11-21,2022-11-21,3.83,0.0100000000000002,0.0026143805740708
2022-11-22,2022-11-22,3.76,-0.0700000000000002,-0.0184458457907515
2022-11-23,2022-11-23,3.71,-0.0499999999999998,-0.0133870807824592
2022-11-24,2022-11-24,3.7,-0.0099999999999997,-0.0026990569691649
2022-11-25,2022-11-25,3.68,-0.02,-0.0054200674693392
2022-11-28,2022-11-28,3.69,0.0099999999999997,0.0027137058715961
2022-11-29,2022-11-29,3.75,0.06,0.0161293819298837
2022-11-30,2022-11-30,3.68,-0.0699999999999998,-0.0188430878014798
2022-12-01,2022-12-01,3.53,-0.1500000000000003,-0.0416148812356342
2022-12-02,2022-12-02,3.51,-0.02,-0.0056818334674309
2022-12-05,2022-12-05,3.6,0.0900000000000003,0.02531780798429
2022-12-06,2022-12-06,3.51,-0.0900000000000003,-0.02531780798429
2022-12-07,2022-12-07,3.42,-0.0899999999999998,-0.0259754864032605
2022-12-08,2022-12-08,3.48,0.06,0.0173917427118692
2022-12-09,2022-12-09,3.57,0.0899999999999998,0.0255333020051646
2022-12-12,2022-12-12,3.61,0.04,0.0111421765532418
2022-12-13,2022-12-13,3.51,-0.1,-0.0280917348670151
2022-12-14,2022-12-14,3.49,-0.0199999999999995,-0.0057143012634385
2022-12-15,2022-12-15,3.44,-0.0500000000000002,-0.0144302648290288
2022-12-16,2022-12-16,3.48,0.04,0.011560822401076
2022-12-19,2022-12-19,3.57,0.0899999999999998,0.0255333020051646
2022-12-20,2022-12-20,3.69,0.1200000000000001,0.0330608622608882
2022-12-21,2022-12-21,3.68,-0.0099999999999997,-0.0027137058715961
2022-12-22,2022-12-22,3.67,-0.0100000000000002,-0.0027210901143607
2022-12-23,2022-12-23,3.75,0.08,0.0215641779158406
2022-12-26,2022-12-26,3.82,0.0699999999999998,0.0184945826361643
2022-12-27,2022-12-27,3.84,0.02,0.0052219439811516
2022-12-28,2022-12-28,3.88,0.04,0.0103627870355466
2022-12-29,2022-12-29,3.83,-0.0499999999999998,-0.0129703504426274
2022-12-30,2022-12-30,3.88,0.0499999999999998,0.0129703504426274
2023-01-02,2023-01-02,3.81,-0.0699999999999998,-0.0182059644965724
2023-01-03,2023-01-03,3.79,-0.02,-0.0052631700442746
2023-01-04,2023-01-04,3.69,-0.1,-0.0267395610418992
2023-01-05,2023-01-05,3.71,0.02,0.0054054185669079
2023-01-06,2023-01-06,3.55,-0.1600000000000001,-0.0440842731320194
2023-01-09,2023-01-09,3.53,-0.02,-0.005649732542119
2023-01-10,2023-01-10,3.61,0.08,0.0224099013995841
2023-01-11,2023-01-11,3.54,-0.0699999999999998,-0.0195810451991063
2023-01-12,2023-01-12,3.43,-0.1099999999999998,-0.0315664659678345
2023-01-13,2023-01-13,3.49,0.06,0.0173414750364871
2023-01-16,2023-01-16,3.52,0.0299999999999998,0.0085592533956699
2023-01-17,2023-01-17,3.53,0.0099999999999997,0.0028368813351995
2023-01-18,2023-01-18,3.37,-0.1599999999999997,-0.0463851265809349
2023-01-19,2023-01-19,3.39,0.02,0.0059171770280885
2023-01-20,2023-01-20,3.48,0.0899999999999998,0.0262023723940241
2023-01-23,2023-01-23,3.52,0.04,0.0114286958236228
2023-01-24,2023-01-24,3.46,-0.06,-0.0171924005403728
2023-01-25,2023-01-25,3.46,0.0,0.0
2023-01-26,2023-01-26,3.49,0.0300000000000002,0.0086331471447028
2023-01-27,2023-01-27,3.52,0.0299999999999998,0.0085592533956699
2023-01-30,2023-01-30,3.55,0.0299999999999998,0.0084866138773187
2023-01-31,2023-01-31,3.52,-0.0299999999999998,-0.0084866138773186
2023-02-01,2023-02-01,3.39,-0.1299999999999999,-0.0376310682176467
2023-02-02,2023-02-02,3.4,0.0099999999999997,0.0029455102297567
2023-02-03,2023-02-03,3.53,0.1299999999999999,0.0375224393230895
2023-02-06,2023-02-06,3.63,0.1,0.027934777331554
2023-02-07,2023-02-07,3.67,0.04,0.0109590137897196
2023-02-08,2023-02-08,3.63,-0.04,-0.0109590137897195
2023-02-09,2023-02-09,3.67,0.04,0.0109590137897196
2023-02-10,2023-02-10,3.74,0.0700000000000002,0.0188939493599618
2023-02-13,2023-02-13,3.72,-0.02,-0.0053619431413853
2023-02-14,2023-02-14,3.77,0.0499999999999998,0.0133513331748641
2023-02-15,2023-02-15,3.81,0.04,0.0105541876786901
2023-02-16,2023-02-16,3.86,0.0499999999999998,0.0130379943381298
2023-02-17,2023-02-17,3.82,-0.04,-0.0104167608582557
2023-02-20,2023-02-20,3.92,0.1,0.0258412311838873
2023-02-21,2023-02-21,3.95,0.0300000000000002,0.0076239251106593
2023-02-22,2023-02-22,3.93,-0.02,-0.0050761530318606
2023-02-23,2023-02-23,3.88,-0.0500000000000002,-0.0128042722459878
2023-02-24,2023-02-24,3.95,0.0700000000000002,0.0178804252778485
2023-02-27,2023-02-27,3.92,-0.0300000000000002,-0.0076239251106593
2023-02-28,2023-02-28,3.92,0.0,0.0
2023-03-01,2023-03-01,4.01,0.0899999999999998,0.0226995875161065
2023-03-02,2023-03-02,4.08,0.0700000000000002,0.0173057470975926
2023-03-03,2023-03-03,3.97,-0.1099999999999998,-0.0273308937169713
2023-03-06,2023-03-06,3.98,0.0099999999999997,0.0025157245972471
2023-03-07,2023-03-07,3.97,-0.0099999999999997,-0.0025157245972472
2023-03-08,2023-03-08,3.98,0.0099999999999997,0.0025157245972471
2023-03-09,2023-03-09,3.93,-0.0499999999999998,-0.0126423934151764
2023-03-10,2023-03-10,3.7,-0.2299999999999999,-0.0603066062309911
2023-03-13,2023-03-13,3.55,-0.1500000000000003,-0.0413852161628544
2023-03-14,2023-03-14,3.64,0.0900000000000003,0.025036078161325
2023-03-15,2023-03-15,3.51,-0.1300000000000003,-0.0363676441708749
2023-03-16,2023-03-16,3.56,0.0500000000000002,0.0141445073861647
2023-03-17,2023-03-17,3.39,-0.1699999999999999,-0.0489306234715801
2023-03-20,2023-03-20,3.47,0.08,0.023324672566409
2023-03-21,2023-03-21,3.59,0.1199999999999996,0.0339976085414196
2023-03-22,2023-03-22,3.48,-0.1099999999999998,-0.0311199087138045
2023-03-23,2023-03-23,3.38,-0.1,-0.0291565842914555
2023-03-24,2023-03-24,3.38,0.0,0.0
2023-03-27,2023-03-27,3.53,0.1499999999999999,0.0434221614502778
2023-03-28,2023-03-28,3.55,0.02,0.0056497325421191
2023-03-29,2023-03-29,3.57,0.02,0.0056179923042232
2023-03-30,2023-03-30,3.55,-0.02,-0.0056179923042232
2023-03-31,2023-03-31,3.48,-0.0699999999999998,-0.0199153097009414
2023-04-03,2023-04-03,3.43,-0.0499999999999998,-0.0144720326085343
2023-04-04,2023-04-04,3.35,-0.08,-0.0235999153408734
2023-04-05,2023-04-05,3.3,-0.0500000000000002,-0.0150378773645405
2023-04-06,2023-04-06,3.3,0.0,0.0
2023-04-07,2023-04-07,3.39,0.0900000000000003,0.0269074529199244
2023-04-10,2023-04-10,3.41,0.02,0.0058823699030666
2023-04-11,2023-04-11,3.43,0.02,0.0058479698824231
2023-04-12,2023-04-12,3.41,-0.02,-0.0058479698824231
2023-04-13,2023-04-13,3.45,0.04,0.0116619397478429
2023-04-14,2023-04-14,3.52,0.0699999999999998,0.0200867585667372
2023-04-17,2023-04-17,3.6,0.08,0.0224728558520585
2023-04-18,2023-04-18,3.58,-0.02,-0.0055710450494553
2023-04-19,2023-04-19,3.6,0.02,0.0055710450494554
2023-04-20,2023-04-20,3.54,-0.06,-0.0168071183163812
2023-04-21,2023-04-21,3.57,0.0299999999999998,0.0084388686458646
2023-04-24,2023-04-24,3.52,-0.0499999999999998,-0.0141046061815419
2023-04-25,2023-04-25,3.4,-0.1200000000000001,-0.0346855579878901
2023-04-26,2023-04-26,3.43,0.0300000000000002,0.0087848295557328
2023-04-27,2023-04-27,3.53,0.0999999999999996,0.0287376097673567
2023-04-28,2023-04-28,3.44,-0.0899999999999998,-0.0258263995598984
2023-05-01,2023-05-01,3.59,0.1499999999999999,0.0426807311148806
2023-05-02,2023-05-02,3.44,-0.1499999999999999,-0.0426807311148804
2023-05-03,2023-05-03,3.38,-0.06,-0.0175957618903796
2023-05-04,2023-05-04,3.37,-0.0099999999999997,-0.0029629651306569
2023-05-05,2023-05-05,3.44,0.0699999999999998,0.0205587270210365
2023-05-08,2023-05-08,3.52,0.08,0.0229895182246987
2023-05-09,2023-05-09,3.53,0.0099999999999997,0.0028368813351995
2023-05-10,2023-05-10,3.43,-0.0999999999999996,-0.0287376097673567
2023-05-11,2023-05-11,3.39,-0.04,-0.0117303397854897
2023-05-12,2023-05-12,3.46,0.0699999999999998,0.0204386676772739
2023-05-15,2023-05-15,3.5,0.04,0.0114943794257352
2023-05-16,2023-05-16,3.54,0.04,0.011363758650315
2023-05-17,2023-05-17,3.57,0.0299999999999998,0.0084388686458646
2023-05-18,2023-05-18,3.65,0.08,0.0221615718028523
2023-05-19,2023-05-19,3.7,0.0500000000000002,0.0136056520557786
2023-05-22,2023-05-22,3.72,0.02,0.0053908486348763
2023-05-23,2023-05-23,3.7,-0.02,-0.0053908486348764
2023-05-24,2023-05-24,3.73,0.0299999999999998,0.0080754140055453
2023-05-25,2023-05-25,3.83,0.1,0.0264565695368304
2023-05-26,2023-05-26,3.8,-0.0300000000000002,-0.0078637364602145
2023-05-29,2023-05-29,3.72,-0.0799999999999996,-0.0212773984472848
2023-05-30,2023-05-30,3.69,-0.0300000000000002,-0.0080972102326194
2023-05-31,2023-05-31,3.64,-0.0499999999999998,-0.0136427764037864
2023-06-01,2023-06-01,3.61,-0.0300000000000002,-0.0082759093038598
2023-06-02,2023-06-02,3.69,0.08,0.0219186857076462
2023-06-05,2023-06-05,3.69,0.0,0.0
2023-06-06,2023-06-06,3.7,0.0100000000000002,0.002706361597743
2023-06-07,2023-06-07,3.79,0.0899999999999998,0.0240331994441561
2023-06-08,2023-06-08,3.73,-0.06,-0.0159577854386108
2023-06-09,2023-06-09,3.75,0.02,0.0053476063265952
2023-06-12,2023-06-12,3.73,-0.02,-0.0053476063265952
2023-06-13,2023-06-13,3.84,0.1099999999999998,0.0290641329439113
2023-06-14,2023-06-14,3.83,-0.0099999999999997,-0.0026075634070808
2023-06-15,2023-06-15,3.72,-0.1099999999999998,-0.0291411349074993
2023-06-16,2023-06-16,3.77,0.0499999999999998,0.0133513331748641
2023-06-19,2023-06-19,3.75,-0.02,-0.0053191614775999
2023-06-20,2023-06-20,3.74,-0.0099999999999997,-0.0026702285558788
2023-06-21,2023-06-21,3.72,-0.02,-0.0053619431413853
2023-06-22,2023-06-22,3.8,0.0799999999999996,0.0212773984472848
2023-06-23,2023-06-23,3.74,-0.0599999999999996,-0.0159154553058994
2023-06-26,2023-06-26,3.72,-0.02,-0.0053619431413853
2023-06-27,2023-06-27,3.77,0.0499999999999998,0.0133513331748641
2023-06-28,2023-06-28,3.71,-0.06,-0.0160431248405756
2023-06-29,2023-06-29,3.85,0.1400000000000001,0.037041271680349
2023-06-30,2023-06-30,3.81,-0.04,-0.0104439591610832
2023-07-03,2023-07-03,3.86,0.0499999999999998,0.0130379943381298
2023-07-04,2023-07-04,3.9,0.04,0.0103093696588612
2023-07-05,2023-07-05,3.95,0.0500000000000002,0.0127390257774299
2023-07-06,2023-07-06,4.05,0.0999999999999996,0.0250013022054171
2023-07-07,2023-07-07,4.06,0.0099999999999997,0.0024660924951934
2023-07-10,2023-07-10,4.01,-0.0499999999999998,-0.0123917322951633
2023-07-11,2023-07-11,3.99,-0.0199999999999995,-0.0050000104167056
2023-07-12,2023-07-12,3.86,-0.1300000000000003,-0.0331240474250326
2023-07-13,2023-07-13,3.76,-0.1,-0.0262482260749363
2023-07-14,2023-07-14,3.83,0.0700000000000002,0.0184458457907516
2023-07-17,2023-07-17,3.81,-0.02,-0.005235614053945
2023-07-18,2023-07-18,3.8,-0.0100000000000002,-0.0026281224062695
2023-07-19,2023-07-19,3.75,-0.0499999999999998,-0.0132452267500205
2023-07-20,2023-07-20,3.85,0.1,0.0263173083173733
2023-07-21,2023-07-21,3.84,-0.0100000000000002,-0.0026007817000574
2023-07-24,2023-07-24,3.86,0.02,0.0051948168771039
2023-07-25,2023-07-25,3.91,0.0500000000000002,0.0128701905205349
2023-07-26,2023-07-26,3.86,-0.0500000000000002,-0.012870190520535
2023-07-27,2023-07-27,4.01,0.1499999999999999,0.0381240578417382
2023-07-28,2023-07-28,3.96,-0.0499999999999998,-0.0125472160520886
2023-07-31,2023-07-31,3.97,0.0100000000000002,0.0025220694327099
2023-08-01,2023-08-01,4.05,0.0799999999999996,0.0199507864193486
2023-08-02,2023-08-02,4.08,0.0300000000000002,0.0073801072976226
2023-08-03,2023-08-03,4.2,0.1200000000000001,0.0289875368732524
2023-08-04,2023-08-04,4.05,-0.1500000000000003,-0.0363676441708749
2023-08-07,2023-08-07,4.09,0.04,0.0098280889362626
2023-08-08,2023-08-08,4.02,-0.0700000000000002,-0.0172630674237807
2023-08-09,2023-08-09,4.0,-0.0199999999999995,-0.0049875415110389
2023-08-10,2023-08-10,4.09,0.0899999999999998,0.0222506089348197
2023-08-11,2023-08-11,4.16,0.0700000000000002,0.0169701042184615
2023-08-14,2023-08-14,4.19,0.0300000000000002,0.0071856596608745
2023-08-15,2023-08-15,4.21,0.0199999999999995,0.0047619137602435
2023-08-16,2023-08-16,4.28,0.0700000000000002,0.0164903618994154
2023-08-17,2023-08-17,4.3,0.0199999999999995,0.0046620131058111
2023-08-18,2023-08-18,4.26,-0.04,-0.0093458624182376
2023-08-21,2023-08-21,4.34,0.08,0.0186051878310344
2023-08-22,2023-08-22,4.34,0.0,0.0
2023-08-23,2023-08-23,4.19,-0.1499999999999994,-0.035173614178267
2023-08-24,2023-08-24,4.23,0.04,0.0095012591241402
2023-08-25,2023-08-25,4.25,0.0199999999999995,0.0047169898781388
2023-08-28,2023-08-28,4.2,-0.0499999999999998,-0.0118344576470027
2023-08-29,2023-08-29,4.12,-0.08,-0.0192313619278876
2023-08-30,2023-08-30,4.12,0.0,0.0
2023-08-31,2023-08-31,4.09,-0.0300000000000002,-0.0073081933067247
2023-09-01,2023-09-01,4.18,0.0899999999999998,0.0217662764819545
2023-09-04,2023-09-04,4.25,0.0700000000000002,0.0166077363996605
2023-09-05,2023-09-05,4.27,0.0199999999999995,0.0046948443042076
2023-09-06,2023-09-06,4.3,0.0300000000000002,0.0070011954589835
2023-09-07,2023-09-07,4.27,-0.0300000000000002,-0.0070011954589835
2023-09-08,2023-09-08,4.26,-0.0099999999999997,-0.0023446669592541
2023-09-11,2023-09-11,4.29,0.0300000000000002,0.0070175726586465
2023-09-12,2023-09-12,4.27,-0.0200000000000004,-0.0046729056993924
2023-09-13,2023-09-13,4.25,-0.0199999999999995,-0.0046948443042076
2023-09-14,2023-09-14,4.29,0.04,0.0093677500036002
2023-09-15,2023-09-15,4.33,0.04,0.0092808090744727
2023-09-18,2023-09-18,4.32,-0.0099999999999997,-0.0023121397583795
2023-09-19,2023-09-19,4.37,0.0499999999999998,0.0115076068514797
2023-09-20,2023-09-20,4.35,-0.0200000000000004,-0.0045871640069061
2023-09-21,2023-09-21,4.49,0.1400000000000005,0.0316768566535703
2023-09-22,2023-09-22,4.44,-0.0499999999999998,-0.0111983253100294
2023-09-25,2023-09-25,4.55,0.1099999999999994,0.0244728565187255
2023-09-26,2023-09-26,4.56,0.0099999999999997,0.0021953905634356
2023-09-27,2023-09-27,4.61,0.0500000000000007,0.0109052334822625
2023-09-28,2023-09-28,4.59,-0.0200000000000004,-0.0043478329361035
2023-09-29,2023-09-29,4.59,0.0,0.0
2023-10-02,2023-10-02,4.69,0.1000000000000005,0.0215525583857342
2023-10-03,2023-10-03,4.81,0.1199999999999992,0.0252645016594815
2023-10-04,2023-10-04,4.73,-0.0799999999999991,-0.0167718816138279
2023-10-05,2023-10-05,4.72,-0.0100000000000006,-0.0021164029063777
2023-10-06,2023-10-06,4.78,0.0600000000000005,0.0126317469059007
2023-10-09,2023-10-09,4.69,-0.0899999999999998,-0.0190079640451766
2023-10-10,2023-10-10,4.66,-0.0300000000000002,-0.0064171343206335
2023-10-11,2023-10-11,4.58,-0.08,-0.0173164500114609
2023-10-12,2023-10-12,4.7,0.1200000000000001,0.0258635105899193
2023-10-13,2023-10-13,4.63,-0.0700000000000002,-0.0150056406178702
2023-10-16,2023-10-16,4.71,0.08,0.0171310399301837
2023-10-17,2023-10-17,4.83,0.1200000000000001,0.0251585596361549
2023-10-18,2023-10-18,4.91,0.08,0.0164274741419479
2023-10-19,2023-10-19,4.98,0.0700000000000002,0.0141559492301324
2023-10-20,2023-10-20,4.93,-0.0500000000000007,-0.0100909029819629
2023-10-23,2023-10-23,4.86,-0.0699999999999994,-0.0143005501421962
2023-10-24,2023-10-24,4.83,-0.0300000000000002,-0.0061919702479211
2023-10-25,2023-10-25,4.95,0.1200000000000001,0.0245411089161176
2023-10-26,2023-10-26,4.86,-0.0899999999999998,-0.0183491386681965
2023-10-27,2023-10-27,4.84,-0.0200000000000004,-0.0041237171838621
2023-10-30,2023-10-30,4.88,0.04,0.0082304991365154
2023-10-31,2023-10-31,4.88,0.0,0.0
2023-11-01,2023-11-01,4.77,-0.1100000000000003,-0.022798914964806
2023-11-02,2023-11-02,4.67,-0.0999999999999996,-0.0211872332194438
2023-11-03,2023-11-03,4.57,-0.0999999999999996,-0.0216458667746925
2023-11-06,2023-11-06,4.67,0.0999999999999996,0.0216458667746925
2023-11-07,2023-11-07,4.58,-0.0899999999999998,-0.0194600735547122
2023-11-08,2023-11-08,4.49,-0.0899999999999998,-0.0198462963719306
2023-11-09,2023-11-09,4.62,0.1299999999999999,0.0285420033394844
2023-11-10,2023-11-10,4.61,-0.0099999999999997,-0.0021668480850903
2023-11-13,2023-11-13,4.63,0.0199999999999995,0.0043290110895854
2023-11-14,2023-11-14,4.44,-0.1899999999999995,-0.0419024916540092
2023-11-15,2023-11-15,4.53,0.0899999999999998,0.0200675630508091
2023-11-16,2023-11-16,4.45,-0.08,-0.0178178433167937
2023-11-17,2023-11-17,4.44,-0.0099999999999997,-0.0022497197340154
2023-11-20,2023-11-20,4.42,-0.0200000000000004,-0.0045146803545266
2023-11-21,2023-11-21,4.41,-0.0099999999999997,-0.0022650066308521
2023-11-22,2023-11-22,4.42,0.0099999999999997,0.002265006630852
2023-11-23,2023-11-23,4.44,0.0200000000000004,0.0045146803545268
2023-11-24,2023-11-24,4.47,0.0299999999999993,0.0067340321813438
2023-11-27,2023-11-27,4.39,-0.08,-0.0180591815383975
2023-11-28,2023-11-28,4.34,-0.0499999999999998,-0.0114548789747664
2023-11-29,2023-11-29,4.27,-0.0700000000000002,-0.0162605208717804
2023-11-30,2023-11-30,4.37,0.1000000000000005,0.0231491818669656
2023-12-01,2023-12-01,4.22,-0.1500000000000003,-0.0349278810595784
2023-12-04,2023-12-04,4.28,0.0600000000000005,0.014117881545785
2023-12-05,2023-12-05,4.18,-0.1000000000000005,-0.0236417630570406
2023-12-06,2023-12-06,4.12,-0.0599999999999996,-0.0144580831752297
2023-12-07,2023-12-07,4.14,0.0199999999999995,0.0048426244757879
2023-12-08,2023-12-08,4.23,0.0900000000000007,0.0215062052209636
2023-12-11,2023-12-11,4.23,0.0,0.0
2023-12-12,2023-12-12,4.2,-0.0300000000000002,-0.0071174677688639
2023-12-13,2023-12-13,4.04,-0.1600000000000001,-0.038839833316264
2023-12-14,2023-12-14,3.92,-0.1200000000000001,-0.0301530381706875
2023-12-15,2023-12-15,3.91,-0.0099999999999997,-0.0025542798050967
2023-12-18,2023-12-18,3.95,0.04,0.010178204915756
2023-12-19,2023-12-19,3.93,-0.02,-0.0050761530318606
2023-12-20,2023-12-20,3.86,-0.0700000000000002,-0.0179722424044304
2023-12-21,2023-12-21,3.89,0.0300000000000002,0.0077419741536154
2023-12-22,2023-12-22,3.9,0.0099999999999997,0.0025673955052457
2023-12-25,2023-12-25,3.89,-0.0099999999999997,-0.0025673955052458
2023-12-26,2023-12-26,3.89,0.0,0.0
2023-12-27,2023-12-27,3.79,-0.1,-0.0260431385360199
2023-12-28,2023-12-28,3.84,0.0499999999999998,0.0131063475053003
2023-12-29,2023-12-29,3.88,0.04,0.0103627870355466
2024-01-01,2024-01-01,3.93,0.0500000000000002,0.0128042722459879
2024-01-02,2024-01-02,3.95,0.02,0.0050761530318605
2024-01-03,2024-01-03,3.91,-0.04,-0.0101782049157561
2024-01-04,2024-01-04,3.99,0.08,0.0202538569044975
2024-01-05,2024-01-05,4.05,0.0599999999999996,0.0149256502166755
2024-01-08,2024-01-08,4.01,-0.04,-0.0099256397999699
2024-01-09,2024-01-09,4.02,0.0099999999999997,0.0024906613124518
2024-01-10,2024-01-10,4.04,0.0200000000000004,0.004962789342129
2024-01-11,2024-01-11,3.98,-0.06,-0.0149628726767123
2024-01-12,2024-01-12,3.96,-0.02,-0.0050377940299571
2024-01-15,2024-01-15,4.04,0.08,0.0200006667066694
2024-01-16,2024-01-16,4.07,0.0300000000000002,0.0073983074814449
2024-01-17,2024-01-17,4.1,0.0299999999999993,0.0073439742557582
2024-01-18,2024-01-18,4.14,0.04,0.0097088141269609
2024-01-19,2024-01-19,4.15,0.0100000000000006,0.0024125464053841
2024-01-22,2024-01-22,4.11,-0.04,-0.0096853057344636
2024-01-23,2024-01-23,4.14,0.0299999999999993,0.0072727593290796
2024-01-24,2024-01-24,4.18,0.04,0.0096154586994419
2024-01-25,2024-01-25,4.14,-0.04,-0.0096154586994419
2024-01-26,2024-01-26,4.15,0.0100000000000006,0.0024125464053841
2024-01-29,2024-01-29,4.08,-0.0700000000000002,-0.0170113458265366
2024-01-30,2024-01-30,4.06,-0.0200000000000004,-0.0049140148024291
2024-01-31,2024-01-31,3.99,-0.0699999999999994,-0.0173917427118689
2024-02-01,2024-02-01,3.87,-0.1200000000000001,-0.0305367238600816
2024-02-02,2024-02-02,4.03,0.1600000000000001,0.0405118689169011
2024-02-05,2024-02-05,4.17,0.1399999999999996,0.0341496598521183
2024-02-06,2024-02-06,4.09,-0.08,-0.0193710657559996
2024-02-07,2024-02-07,4.09,0.0,0.0
2024-02-08,2024-02-08,4.15,0.0600000000000005,0.0145633641878967
2024-02-09,2024-02-09,4.17,0.0199999999999995,0.004807701568103
2024-02-12,2024-02-12,4.17,0.0,0.0
2024-02-13,2024-02-13,4.31,0.1399999999999996,0.0330218683049463
2024-02-14,2024-02-14,4.27,-0.04,-0.0093240768751232
2024-02-15,2024-02-15,4.24,-0.0299999999999993,-0.0070505579966666
2024-02-16,2024-02-16,4.3,0.0599999999999996,0.0140517534556502
2024-02-19,2024-02-19,4.28,-0.0199999999999995,-0.0046620131058111
2024-02-20,2024-02-20,4.27,-0.0100000000000006,-0.0023391823531723
2024-02-21,2024-02-21,4.32,0.0500000000000007,0.0116415750154859
2024-02-22,2024-02-22,4.33,0.0099999999999997,0.0023121397583793
2024-02-23,2024-02-23,4.26,-0.0700000000000002,-0.0162983817331195
2024-02-26,2024-02-26,4.28,0.0200000000000004,0.0046838493124264
2024-02-27,2024-02-27,4.31,0.0299999999999993,0.0069848945219507
2024-02-28,2024-02-28,4.27,-0.04,-0.0093240768751232
2024-02-29,2024-02-29,4.25,-0.0199999999999995,-0.0046948443042076
2024-03-01,2024-03-01,4.19,-0.0599999999999996,-0.014218249002279
2024-03-04,2024-03-04,4.22,0.0299999999999993,0.0071343941138738
2024-03-05,2024-03-05,4.13,-0.0899999999999998,-0.0215577210749789
2024-03-06,2024-03-06,4.11,-0.0199999999999995,-0.004854378464798
2024-03-07,2024-03-07,4.09,-0.0200000000000004,-0.0048780584534329
2024-03-08,2024-03-08,4.09,0.0,0.0
2024-03-11,2024-03-11,4.1,0.0099999999999997,0.0024420036555515
2024-03-12,2024-03-12,4.16,0.0600000000000005,0.0145281005629098
2024-03-13,2024-03-13,4.19,0.0300000000000002,0.0071856596608745
2024-03-14,2024-03-14,4.29,0.0999999999999996,0.023585999005879
2024-03-15,2024-03-15,4.31,0.0199999999999995,0.0046511711757306
2024-03-18,2024-03-18,4.34,0.0300000000000002,0.0069364439966571
2024-03-19,2024-03-19,4.3,-0.04,-0.0092593254127967
2024-03-20,2024-03-20,4.27,-0.0300000000000002,-0.0070011954589835
2024-03-21,2024-03-21,4.27,0.0,0.0
2024-03-22,2024-03-22,4.22,-0.0499999999999998,-0.0117786991926127
2024-03-25,2024-03-25,4.25,0.0300000000000002,0.007083854888405
2024-03-26,2024-03-26,4.24,-0.0099999999999997,-0.002355713692459
2024-03-27,2024-03-27,4.2,-0.04,-0.0094787439545437
2024-03-28,2024-03-28,4.2,0.0,0.0
2024-03-29,2024-03-29,4.23,0.0300000000000002,0.0071174677688639
2024-04-01,2024-04-01,4.33,0.0999999999999996,0.0233655489562116
2024-04-02,2024-04-02,4.36,0.0300000000000002,0.0069045153465444
2024-04-03,2024-04-03,4.36,0.0,0.0
2024-04-04,2024-04-04,4.31,-0.0500000000000007,-0.0115341532452867
2024-04-05,2024-04-05,4.39,0.08,0.0183913229714236
2024-04-08,2024-04-08,4.42,0.0300000000000002,0.0068104690025268
2024-04-09,2024-04-09,4.36,-0.0599999999999996,-0.0136676387286637
2024-04-10,2024-04-10,4.55,0.1899999999999995,0.0426551756019159
2024-04-11,2024-04-11,4.56,0.0099999999999997,0.0021953905634356
2024-04-12,2024-04-12,4.5,-0.0599999999999996,-0.0132452267500205
2024-04-15,2024-04-15,4.63,0.1299999999999999,0.0284794713218687
2024-04-16,2024-04-16,4.67,0.04,0.0086022035826632
2024-04-17,2024-04-17,4.59,-0.08,-0.0172790476083521
2024-04-18,2024-04-18,4.64,0.0499999999999998,0.0108343421657101
2024-04-19,2024-04-19,4.62,-0.0199999999999995,-0.0043196611445162
2024-04-22,2024-04-22,4.62,0.0,0.0
2024-04-23,2024-04-23,4.61,-0.0099999999999997,-0.0021668480850903
2024-04-24,2024-04-24,4.65,0.04,0.0086393625907078
2024-04-25,2024-04-25,4.7,0.0499999999999998,0.0106952891167479
2024-04-26,2024-04-26,4.67,-0.0300000000000002,-0.006403437035207
2024-04-29,2024-04-29,4.63,-0.04,-0.0086022035826631
2024-04-30,2024-04-30,4.69,0.0600000000000005,0.0128757143600453
2024-05-01,2024-05-01,4.63,-0.0600000000000005,-0.0128757143600453
2024-05-02,2024-05-02,4.58,-0.0499999999999998,-0.010857869972049
2024-05-03,2024-05-03,4.5,-0.08,-0.0176216013498195
2024-05-06,2024-05-06,4.49,-0.0099999999999997,-0.002224695022111
2024-05-07,2024-05-07,4.47,-0.0200000000000004,-0.0044642931286856
2024-05-08,2024-05-08,4.48,0.0100000000000006,0.0022346378014165
2024-05-09,2024-05-09,4.45,-0.0300000000000002,-0.0067189502487449
2024-05-10,2024-05-10,4.5,0.0499999999999998,0.0111733005981252
2024-05-13,2024-05-13,4.48,-0.0199999999999995,-0.0044543503493801
2024-05-14,2024-05-14,4.45,-0.0300000000000002,-0.0067189502487449
2024-05-15,2024-05-15,4.36,-0.0899999999999998,-0.0204320388172058
2024-05-16,2024-05-16,4.38,0.0199999999999995,0.0045766670274116
2024-05-17,2024-05-17,4.42,0.04,0.0090909717012521
2024-05-20,2024-05-20,4.44,0.0200000000000004,0.0045146803545268
2024-05-21,2024-05-21,4.41,-0.0300000000000002,-0.0067796869853788
2024-05-22,2024-05-22,4.43,0.0199999999999995,0.0045248945982895
2024-05-23,2024-05-23,4.47,0.04,0.0089888245684332
2024-05-24,2024-05-24,4.46,-0.0099999999999997,-0.0022396425935046
2024-05-27,2024-05-27,4.52,0.0599999999999996,0.0133632278121669
2024-05-28,2024-05-28,4.54,0.0200000000000004,0.0044150182091169
2024-05-29,2024-05-29,4.61,0.0700000000000002,0.0153008449553005
2024-05-30,2024-05-30,4.55,-0.0600000000000005,-0.0131006240456982
2024-05-31,2024-05-31,4.51,-0.04,-0.008830079448272
2024-06-03,2024-06-03,4.41,-0.0999999999999996,-0.0224224640558322
2024-06-04,2024-06-04,4.33,-0.08,-0.0183071474443561
2024-06-05,2024-06-05,4.29,-0.04,-0.0092808090744728
2024-06-06,2024-06-06,4.28,-0.0099999999999997,-0.0023337233462201
2024-06-07,2024-06-07,4.43,0.1499999999999994,0.0344465744633387
2024-06-10,2024-06-10,4.47,0.04,0.0089888245684332
2024-06-11,2024-06-11,4.39,-0.08,-0.0180591815383975
2024-06-12,2024-06-12,4.31,-0.08,-0.0183913229714235
2024-06-13,2024-06-13,4.24,-0.0699999999999994,-0.0163746348717898
2024-06-14,2024-06-14,4.2,-0.04,-0.0094787439545437
2024-06-17,2024-06-17,4.28,0.08,0.0188684843043827
2024-06-18,2024-06-18,4.22,-0.0600000000000005,-0.0141178815457851
2024-06-19,2024-06-19,4.23,0.0100000000000006,0.0023668650102662
2024-06-20,2024-06-20,4.25,0.0199999999999995,0.0047169898781388
2024-06-21,2024-06-21,4.25,0.0,0.0
2024-06-24,2024-06-24,4.25,0.0,0.0
2024-06-25,2024-06-25,4.23,-0.0199999999999995,-0.0047169898781387
2024-06-26,2024-06-26,4.32,0.0899999999999998,0.0210534091978322
2024-06-27,2024-06-27,4.29,-0.0300000000000002,-0.0069686693160934
2024-06-28,2024-06-28,4.36,0.0700000000000002,0.0161853244210173
2024-07-01,2024-07-01,4.48,0.1200000000000001,0.0271509890659508
2024-07-02,2024-07-02,4.43,-0.0500000000000007,-0.0112234623698496
2024-07-03,2024-07-03,4.36,-0.0699999999999994,-0.0159275266961011
2024-07-04,2024-07-04,4.32,-0.04,-0.009216655104924
2024-07-05,2024-07-05,4.28,-0.04,-0.0093023926623135
2024-07-08,2024-07-08,4.28,0.0,0.0
2024-07-09,2024-07-09,4.3,0.0199999999999995,0.0046620131058111
2024-07-10,2024-07-10,4.28,-0.0199999999999995,-0.0046620131058111
2024-07-11,2024-07-11,4.2,-0.08,-0.0188684843043828
2024-07-12,2024-07-12,4.18,-0.0200000000000004,-0.0047732787526577
2024-07-15,2024-07-15,4.23,0.0500000000000007,0.0118907465215217
2024-07-16,2024-07-16,4.17,-0.0600000000000005,-0.0142859572474766
2024-07-17,2024-07-17,4.16,-0.0099999999999997,-0.0024009615375381
2024-07-18,2024-07-18,4.2,0.04,0.0095694510161506
2024-07-19,2024-07-19,4.25,0.0499999999999998,0.0118344576470027
2024-07-22,2024-07-22,4.26,0.0099999999999997,0.0023501773449534
2024-07-23,2024-07-23,4.25,-0.0099999999999997,-0.0023501773449535
2024-07-24,2024-07-24,4.28,0.0300000000000002,0.0070340266573799
2024-07-25,2024-07-25,4.27,-0.0100000000000006,-0.0023391823531723
2024-07-26,2024-07-26,4.2,-0.0699999999999994,-0.0165293019512104
2024-07-29,2024-07-29,4.17,-0.0300000000000002,-0.0071684894786126
2024-07-30,2024-07-30,4.15,-0.0199999999999995,-0.004807701568103
2024-07-31,2024-07-31,4.09,-0.0600000000000005,-0.0145633641878966
2024-08-01,2024-08-01,3.99,-0.0999999999999996,-0.0247537391529381
2024-08-02,2024-08-02,3.8,-0.1900000000000004,-0.048790164169432
2024-08-05,2024-08-05,3.78,-0.02,-0.0052770571008437
2024-08-06,2024-08-06,3.9,0.1200000000000001,0.0312525435041045
2024-08-07,2024-08-07,3.96,0.06,0.0152674721307883
2024-08-08,2024-08-08,3.99,0.0300000000000002,0.0075472056353829
2024-08-09,2024-08-09,3.94,-0.0500000000000002,-0.0126105075919296
2024-08-12,2024-08-12,3.9,-0.04,-0.0102041701742417
2024-08-13,2024-08-13,3.85,-0.0499999999999998,-0.0129034048359078
2024-08-14,2024-08-14,3.83,-0.02,-0.0052083451071382
2024-08-15,2024-08-15,3.92,0.0899999999999998,0.0232268506098165
2024-08-16,2024-08-16,3.89,-0.0299999999999998,-0.0076824961720161
2024-08-19,2024-08-19,3.86,-0.0300000000000002,-0.0077419741536155
2024-08-20,2024-08-20,3.82,-0.04,-0.0104167608582557
2024-08-21,2024-08-21,3.79,-0.0299999999999998,-0.0078844035241487
2024-08-22,2024-08-22,3.86,0.0699999999999998,0.0183011643824044
2024-08-23,2024-08-23,3.81,-0.0499999999999998,-0.0130379943381298
2024-08-26,2024-08-26,3.82,0.0099999999999997,0.002621233479874
2024-08-27,2024-08-27,3.83,0.0100000000000002,0.0026143805740708
2024-08-28,2024-08-28,3.84,0.0099999999999997,0.0026075634070807
2024-08-29,2024-08-29,3.87,0.0300000000000002,0.0077821404420549
2024-08-30,2024-08-30,3.91,0.04,0.010282866955584
2024-09-02,2024-09-02,3.86,-0.0500000000000002,-0.012870190520535
2024-09-03,2024-09-03,3.84,-0.02,-0.005194816877104
2024-09-04,2024-09-04,3.77,-0.0699999999999998,-0.018397365139716
2024-09-05,2024-09-05,3.73,-0.04,-0.0106667678041951
2024-09-06,2024-09-06,3.72,-0.0099999999999997,-0.0026845653706688
2024-09-09,2024-09-09,3.7,-0.02,-0.0053908486348764
2024-09-10,2024-09-10,3.65,-0.0500000000000002,-0.0136056520557787
2024-09-11,2024-09-11,3.65,0.0,0.0
2024-09-12,2024-09-12,3.68,0.0300000000000002,0.0081855845864395
2024-09-13,2024-09-13,3.66,-0.02,-0.0054496047675647
2024-09-16,2024-09-16,3.63,-0.0300000000000002,-0.0082304991365155
2024-09-17,2024-09-17,3.65,0.02,0.0054945193176407
2024-09-18,2024-09-18,3.7,0.0500000000000002,0.0136056520557786
2024-09-19,2024-09-19,3.73,0.0299999999999998,0.0080754140055453
2024-09-20,2024-09-20,3.73,0.0,0.0
2024-09-23,2024-09-23,3.75,0.02,0.0053476063265952
2024-09-24,2024-09-24,3.74,-0.0099999999999997,-0.0026702285558788
2024-09-25,2024-09-25,3.79,0.0499999999999998,0.0132804076678944
2024-09-26,2024-09-26,3.79,0.0,0.0
2024-09-27,2024-09-27,3.75,-0.04,-0.0106101791120155
2024-09-30,2024-09-30,3.81,0.06,0.0158733491562901
2024-10-01,2024-10-01,3.74,-0.0699999999999998,-0.0185435777121689
2024-10-02,2024-10-02,3.79,0.0499999999999998,0.0132804076678944
2024-10-03,2024-10-03,3.85,0.06,0.0157071292053578
2024-10-04,2024-10-04,3.98,0.1299999999999999,0.0332086709966533
2024-10-07,2024-10-07,4.03,0.0500000000000002,0.0124845566622452
2024-10-08,2024-10-08,4.04,0.0099999999999997,0.002478316014467
2024-10-09,2024-10-09,4.06,0.0199999999999995,0.0049382816405825
2024-10-10,2024-10-10,4.09,0.0300000000000002,0.0073619964410692
2024-10-11,2024-10-11,4.08,-0.0099999999999997,-0.00244798163864
2024-10-14,2024-10-14,4.04,-0.04,-0.0098522964430115
2024-10-15,2024-10-15,4.03,-0.0099999999999997,-0.002478316014467
2024-10-16,2024-10-16,4.02,-0.0100000000000006,-0.002484473327662
2024-10-17,2024-10-17,4.09,0.0700000000000002,0.0172630674237807
2024-10-18,2024-10-18,4.08,-0.0099999999999997,-0.00244798163864
2024-10-21,2024-10-21,4.19,0.1100000000000003,0.0266037455179761
2024-10-22,2024-10-22,4.2,0.0099999999999997,0.0023837913552761
2024-10-23,2024-10-23,4.24,0.04,0.0094787439545437
2024-10-24,2024-10-24,4.21,-0.0300000000000002,-0.0071006215495764
2024-10-25,2024-10-25,4.25,0.04,0.0094563352420354
2024-10-28,2024-10-28,4.28,0.0300000000000002,0.0070340266573799
2024-10-29,2024-10-29,4.28,0.0,0.0
2024-10-30,2024-10-30,4.29,0.0099999999999997,0.00233372334622
2024-10-31,2024-10-31,4.28,-0.0099999999999997,-0.0023337233462201
2024-11-01,2024-11-01,4.37,0.0899999999999998,0.0208099995137932
2024-11-04,2024-11-04,4.31,-0.0600000000000005,-0.0138251049918424
2024-11-05,2024-11-05,4.26,-0.0499999999999998,-0.0116687438343773
2024-11-06,2024-11-06,4.42,0.1600000000000001,0.0368705358083277
2024-11-07,2024-11-07,4.31,-0.1100000000000003,-0.0252017919739503
2024-11-08,2024-11-08,4.3,-0.0099999999999997,-0.0023228814161396
2024-11-11,2024-11-11,4.4,0.1000000000000005,0.0229895182246987
2024-11-12,2024-11-12,4.43,0.0299999999999993,0.0067950431328285
2024-11-13,2024-11-13,4.44,0.0100000000000006,0.0022547923870893
2024-11-14,2024-11-14,4.43,-0.0100000000000006,-0.0022547923870893
2024-11-15,2024-11-15,4.43,0.0,0.0
2024-11-18,2024-11-18,4.42,-0.0099999999999997,-0.0022598879674374
2024-11-19,2024-11-19,4.39,-0.0300000000000002,-0.0068104690025268
2024-11-20,2024-11-20,4.41,0.0200000000000004,0.0045454623716746
2024-11-21,2024-11-21,4.43,0.0199999999999995,0.0045248945982895
2024-11-22,2024-11-22,4.41,-0.0199999999999995,-0.0045248945982895
2024-11-25,2024-11-25,4.27,-0.1400000000000005,-0.0322608622182215
2024-11-26,2024-11-26,4.3,0.0300000000000002,0.0070011954589835
2024-11-27,2024-11-27,4.25,-0.0499999999999998,-0.0116960397631911
2024-11-28,2024-11-28,4.22,-0.0300000000000002,-0.007083854888405
2024-11-29,2024-11-29,4.18,-0.04,-0.0095238815112554
2024-12-02,2024-12-02,4.19,0.0100000000000006,0.0023894873973814
2024-12-03,2024-12-03,4.23,0.04,0.0095012591241402
